SET IDENTITY_INSERT [dbo].[order_item] ON 

INSERT [dbo].[order_item] ([order_item_id], [order_id], [book_id], [quantity], [price], [subtotal]) VALUES (1, 1, 1, 2, CAST(500.00 AS Numeric(38, 2)), CAST(1000.00 AS Numeric(38, 2)))
INSERT [dbo].[order_item] ([order_item_id], [order_id], [book_id], [quantity], [price], [subtotal]) VALUES (2, 1, 2, 1, CAST(300.00 AS Numeric(38, 2)), CAST(300.00 AS Numeric(38, 2)))
INSERT [dbo].[order_item] ([order_item_id], [order_id], [book_id], [quantity], [price], [subtotal]) VALUES (4, 2, 2, 3, CAST(500.00 AS Numeric(38, 2)), CAST(1500.00 AS Numeric(38, 2)))
INSERT [dbo].[order_item] ([order_item_id], [order_id], [book_id], [quantity], [price], [subtotal]) VALUES (6, 4, 1, 1, CAST(500.00 AS Numeric(38, 2)), CAST(500.00 AS Numeric(38, 2)))
INSERT [dbo].[order_item] ([order_item_id], [order_id], [book_id], [quantity], [price], [subtotal]) VALUES (7, 5, 1, 2, CAST(500.00 AS Numeric(38, 2)), CAST(1000.00 AS Numeric(38, 2)))
INSERT [dbo].[order_item] ([order_item_id], [order_id], [book_id], [quantity], [price], [subtotal]) VALUES (8, 5, 2, 1, CAST(300.00 AS Numeric(38, 2)), CAST(300.00 AS Numeric(38, 2)))
INSERT [dbo].[order_item] ([order_item_id], [order_id], [book_id], [quantity], [price], [subtotal]) VALUES (10, 6, 2, 1, CAST(500.00 AS Numeric(38, 2)), CAST(500.00 AS Numeric(38, 2)))
INSERT [dbo].[order_item] ([order_item_id], [order_id], [book_id], [quantity], [price], [subtotal]) VALUES (12, 8, 1, 1, CAST(500.00 AS Numeric(38, 2)), CAST(500.00 AS Numeric(38, 2)))
INSERT [dbo].[order_item] ([order_item_id], [order_id], [book_id], [quantity], [price], [subtotal]) VALUES (13, 13, 1, 1, CAST(400.00 AS Numeric(38, 2)), CAST(400.00 AS Numeric(38, 2)))
INSERT [dbo].[order_item] ([order_item_id], [order_id], [book_id], [quantity], [price], [subtotal]) VALUES (14, 14, 1, 10, CAST(400.00 AS Numeric(38, 2)), CAST(4000.00 AS Numeric(38, 2)))
INSERT [dbo].[order_item] ([order_item_id], [order_id], [book_id], [quantity], [price], [subtotal]) VALUES (15, 15, 2, 2, CAST(350.00 AS Numeric(38, 2)), CAST(700.00 AS Numeric(38, 2)))
INSERT [dbo].[order_item] ([order_item_id], [order_id], [book_id], [quantity], [price], [subtotal]) VALUES (17, 17, 2, 2, CAST(400.00 AS Numeric(38, 2)), CAST(800.00 AS Numeric(38, 2)))
INSERT [dbo].[order_item] ([order_item_id], [order_id], [book_id], [quantity], [price], [subtotal]) VALUES (38, 24, 2, 2, CAST(350.00 AS Numeric(38, 2)), CAST(700.00 AS Numeric(38, 2)))
INSERT [dbo].[order_item] ([order_item_id], [order_id], [book_id], [quantity], [price], [subtotal]) VALUES (39, 25, 1, 1, CAST(400.00 AS Numeric(38, 2)), CAST(400.00 AS Numeric(38, 2)))
INSERT [dbo].[order_item] ([order_item_id], [order_id], [book_id], [quantity], [price], [subtotal]) VALUES (40, 26, 2, 1, CAST(350.00 AS Numeric(38, 2)), CAST(350.00 AS Numeric(38, 2)))
INSERT [dbo].[order_item] ([order_item_id], [order_id], [book_id], [quantity], [price], [subtotal]) VALUES (41, 27, 2, 1, CAST(350.00 AS Numeric(38, 2)), CAST(350.00 AS Numeric(38, 2)))
INSERT [dbo].[order_item] ([order_item_id], [order_id], [book_id], [quantity], [price], [subtotal]) VALUES (42, 27, 3, 1, CAST(300.00 AS Numeric(38, 2)), CAST(300.00 AS Numeric(38, 2)))
INSERT [dbo].[order_item] ([order_item_id], [order_id], [book_id], [quantity], [price], [subtotal]) VALUES (44, 28, 1, 1, CAST(400.00 AS Numeric(38, 2)), CAST(400.00 AS Numeric(38, 2)))
INSERT [dbo].[order_item] ([order_item_id], [order_id], [book_id], [quantity], [price], [subtotal]) VALUES (51, 28, 1, 2, CAST(400.00 AS Numeric(38, 2)), CAST(800.00 AS Numeric(38, 2)))
INSERT [dbo].[order_item] ([order_item_id], [order_id], [book_id], [quantity], [price], [subtotal]) VALUES (56, 36, 1, 1, CAST(400.00 AS Numeric(38, 2)), CAST(400.00 AS Numeric(38, 2)))
INSERT [dbo].[order_item] ([order_item_id], [order_id], [book_id], [quantity], [price], [subtotal]) VALUES (57, 37, 1, 1, CAST(400.00 AS Numeric(38, 2)), CAST(400.00 AS Numeric(38, 2)))
INSERT [dbo].[order_item] ([order_item_id], [order_id], [book_id], [quantity], [price], [subtotal]) VALUES (58, 37, 2, 1, CAST(350.00 AS Numeric(38, 2)), CAST(350.00 AS Numeric(38, 2)))
INSERT [dbo].[order_item] ([order_item_id], [order_id], [book_id], [quantity], [price], [subtotal]) VALUES (59, 38, 1, 1, CAST(400.00 AS Numeric(38, 2)), CAST(400.00 AS Numeric(38, 2)))
INSERT [dbo].[order_item] ([order_item_id], [order_id], [book_id], [quantity], [price], [subtotal]) VALUES (60, 38, 4, 1, CAST(320.00 AS Numeric(38, 2)), CAST(320.00 AS Numeric(38, 2)))
INSERT [dbo].[order_item] ([order_item_id], [order_id], [book_id], [quantity], [price], [subtotal]) VALUES (61, 39, 1, 1, CAST(400.00 AS Numeric(38, 2)), CAST(400.00 AS Numeric(38, 2)))
INSERT [dbo].[order_item] ([order_item_id], [order_id], [book_id], [quantity], [price], [subtotal]) VALUES (62, 39, 2, 1, CAST(350.00 AS Numeric(38, 2)), CAST(350.00 AS Numeric(38, 2)))
INSERT [dbo].[order_item] ([order_item_id], [order_id], [book_id], [quantity], [price], [subtotal]) VALUES (63, 40, 1, 1, CAST(400.00 AS Numeric(38, 2)), CAST(400.00 AS Numeric(38, 2)))
INSERT [dbo].[order_item] ([order_item_id], [order_id], [book_id], [quantity], [price], [subtotal]) VALUES (64, 40, 3, 1, CAST(300.00 AS Numeric(38, 2)), CAST(300.00 AS Numeric(38, 2)))
INSERT [dbo].[order_item] ([order_item_id], [order_id], [book_id], [quantity], [price], [subtotal]) VALUES (65, 41, 3, 3, CAST(300.00 AS Numeric(38, 2)), CAST(900.00 AS Numeric(38, 2)))
INSERT [dbo].[order_item] ([order_item_id], [order_id], [book_id], [quantity], [price], [subtotal]) VALUES (67, 41, 3, 1, CAST(300.00 AS Numeric(38, 2)), CAST(300.00 AS Numeric(38, 2)))
INSERT [dbo].[order_item] ([order_item_id], [order_id], [book_id], [quantity], [price], [subtotal]) VALUES (68, 42, 3, 1, CAST(300.00 AS Numeric(38, 2)), CAST(300.00 AS Numeric(38, 2)))
INSERT [dbo].[order_item] ([order_item_id], [order_id], [book_id], [quantity], [price], [subtotal]) VALUES (1063, 1040, 2, 1, CAST(350.00 AS Numeric(38, 2)), CAST(350.00 AS Numeric(38, 2)))
INSERT [dbo].[order_item] ([order_item_id], [order_id], [book_id], [quantity], [price], [subtotal]) VALUES (1064, 1041, 13, 2, CAST(1231.00 AS Numeric(38, 2)), CAST(2462.00 AS Numeric(38, 2)))
INSERT [dbo].[order_item] ([order_item_id], [order_id], [book_id], [quantity], [price], [subtotal]) VALUES (1065, 1041, 3, 1, CAST(300.00 AS Numeric(38, 2)), CAST(300.00 AS Numeric(38, 2)))
INSERT [dbo].[order_item] ([order_item_id], [order_id], [book_id], [quantity], [price], [subtotal]) VALUES (1066, 1041, 6, 1, CAST(350.00 AS Numeric(38, 2)), CAST(350.00 AS Numeric(38, 2)))
INSERT [dbo].[order_item] ([order_item_id], [order_id], [book_id], [quantity], [price], [subtotal]) VALUES (1067, 1042, 1, 1, CAST(400.00 AS Numeric(38, 2)), CAST(400.00 AS Numeric(38, 2)))
INSERT [dbo].[order_item] ([order_item_id], [order_id], [book_id], [quantity], [price], [subtotal]) VALUES (1068, 1043, 6, 1, CAST(350.00 AS Numeric(38, 2)), CAST(350.00 AS Numeric(38, 2)))
INSERT [dbo].[order_item] ([order_item_id], [order_id], [book_id], [quantity], [price], [subtotal]) VALUES (1069, 1044, 3, 1, CAST(300.00 AS Numeric(38, 2)), CAST(300.00 AS Numeric(38, 2)))
INSERT [dbo].[order_item] ([order_item_id], [order_id], [book_id], [quantity], [price], [subtotal]) VALUES (1070, 1045, 3, 1, CAST(300.00 AS Numeric(38, 2)), CAST(300.00 AS Numeric(38, 2)))
INSERT [dbo].[order_item] ([order_item_id], [order_id], [book_id], [quantity], [price], [subtotal]) VALUES (1071, 1046, 3, 1, CAST(300.00 AS Numeric(38, 2)), CAST(300.00 AS Numeric(38, 2)))
INSERT [dbo].[order_item] ([order_item_id], [order_id], [book_id], [quantity], [price], [subtotal]) VALUES (1072, 1047, 1, 1, CAST(400.00 AS Numeric(38, 2)), CAST(400.00 AS Numeric(38, 2)))
INSERT [dbo].[order_item] ([order_item_id], [order_id], [book_id], [quantity], [price], [subtotal]) VALUES (1073, 1047, 2, 1, CAST(350.00 AS Numeric(38, 2)), CAST(350.00 AS Numeric(38, 2)))
INSERT [dbo].[order_item] ([order_item_id], [order_id], [book_id], [quantity], [price], [subtotal]) VALUES (1074, 1048, 2, 1, CAST(350.00 AS Numeric(38, 2)), CAST(350.00 AS Numeric(38, 2)))
INSERT [dbo].[order_item] ([order_item_id], [order_id], [book_id], [quantity], [price], [subtotal]) VALUES (1075, 1049, 3, 1, CAST(300.00 AS Numeric(38, 2)), CAST(300.00 AS Numeric(38, 2)))
INSERT [dbo].[order_item] ([order_item_id], [order_id], [book_id], [quantity], [price], [subtotal]) VALUES (1076, 1049, 1, 1, CAST(400.00 AS Numeric(38, 2)), CAST(400.00 AS Numeric(38, 2)))
INSERT [dbo].[order_item] ([order_item_id], [order_id], [book_id], [quantity], [price], [subtotal]) VALUES (1079, 1050, 2, 2, CAST(350.00 AS Numeric(38, 2)), CAST(700.00 AS Numeric(38, 2)))
INSERT [dbo].[order_item] ([order_item_id], [order_id], [book_id], [quantity], [price], [subtotal]) VALUES (1080, 1050, 3, 1, CAST(300.00 AS Numeric(38, 2)), CAST(300.00 AS Numeric(38, 2)))
INSERT [dbo].[order_item] ([order_item_id], [order_id], [book_id], [quantity], [price], [subtotal]) VALUES (1081, 1051, 1, 1, CAST(400.00 AS Numeric(38, 2)), CAST(400.00 AS Numeric(38, 2)))
INSERT [dbo].[order_item] ([order_item_id], [order_id], [book_id], [quantity], [price], [subtotal]) VALUES (1082, 2, 1, 1, CAST(400.00 AS Numeric(38, 2)), CAST(400.00 AS Numeric(38, 2)))
INSERT [dbo].[order_item] ([order_item_id], [order_id], [book_id], [quantity], [price], [subtotal]) VALUES (1083, 1052, 1, 1, CAST(400.00 AS Numeric(38, 2)), CAST(400.00 AS Numeric(38, 2)))
INSERT [dbo].[order_item] ([order_item_id], [order_id], [book_id], [quantity], [price], [subtotal]) VALUES (1084, 1053, 1, 2, CAST(400.00 AS Numeric(38, 2)), CAST(800.00 AS Numeric(38, 2)))
INSERT [dbo].[order_item] ([order_item_id], [order_id], [book_id], [quantity], [price], [subtotal]) VALUES (1085, 1053, 3, 1, CAST(300.00 AS Numeric(38, 2)), CAST(300.00 AS Numeric(38, 2)))
INSERT [dbo].[order_item] ([order_item_id], [order_id], [book_id], [quantity], [price], [subtotal]) VALUES (1086, 1054, 1, 1, CAST(400.00 AS Numeric(38, 2)), CAST(400.00 AS Numeric(38, 2)))
INSERT [dbo].[order_item] ([order_item_id], [order_id], [book_id], [quantity], [price], [subtotal]) VALUES (1087, 24, 1, 1, CAST(400.00 AS Numeric(38, 2)), CAST(400.00 AS Numeric(38, 2)))
INSERT [dbo].[order_item] ([order_item_id], [order_id], [book_id], [quantity], [price], [subtotal]) VALUES (1088, 1055, 6, 1, CAST(350.00 AS Numeric(38, 2)), CAST(350.00 AS Numeric(38, 2)))
INSERT [dbo].[order_item] ([order_item_id], [order_id], [book_id], [quantity], [price], [subtotal]) VALUES (1089, 1056, 1, 1, CAST(400.00 AS Numeric(38, 2)), CAST(400.00 AS Numeric(38, 2)))
INSERT [dbo].[order_item] ([order_item_id], [order_id], [book_id], [quantity], [price], [subtotal]) VALUES (1090, 1056, 13, 1, CAST(1231.00 AS Numeric(38, 2)), CAST(1231.00 AS Numeric(38, 2)))
INSERT [dbo].[order_item] ([order_item_id], [order_id], [book_id], [quantity], [price], [subtotal]) VALUES (1091, 1057, 3, 1, CAST(300.00 AS Numeric(38, 2)), CAST(300.00 AS Numeric(38, 2)))
INSERT [dbo].[order_item] ([order_item_id], [order_id], [book_id], [quantity], [price], [subtotal]) VALUES (1092, 1058, 6, 1, CAST(350.00 AS Numeric(38, 2)), CAST(350.00 AS Numeric(38, 2)))
INSERT [dbo].[order_item] ([order_item_id], [order_id], [book_id], [quantity], [price], [subtotal]) VALUES (1093, 1059, 2, 1, CAST(350.00 AS Numeric(38, 2)), CAST(350.00 AS Numeric(38, 2)))
INSERT [dbo].[order_item] ([order_item_id], [order_id], [book_id], [quantity], [price], [subtotal]) VALUES (1094, 1059, 3, 1, CAST(300.00 AS Numeric(38, 2)), CAST(300.00 AS Numeric(38, 2)))
INSERT [dbo].[order_item] ([order_item_id], [order_id], [book_id], [quantity], [price], [subtotal]) VALUES (1095, 1060, 6, 2, CAST(350.00 AS Numeric(38, 2)), CAST(700.00 AS Numeric(38, 2)))
INSERT [dbo].[order_item] ([order_item_id], [order_id], [book_id], [quantity], [price], [subtotal]) VALUES (1096, 1061, 2, 1, CAST(350.00 AS Numeric(38, 2)), CAST(350.00 AS Numeric(38, 2)))
INSERT [dbo].[order_item] ([order_item_id], [order_id], [book_id], [quantity], [price], [subtotal]) VALUES (1097, 1062, 2, 1, CAST(350.00 AS Numeric(38, 2)), CAST(350.00 AS Numeric(38, 2)))
INSERT [dbo].[order_item] ([order_item_id], [order_id], [book_id], [quantity], [price], [subtotal]) VALUES (1098, 1063, 3, 1, CAST(300.00 AS Numeric(38, 2)), CAST(300.00 AS Numeric(38, 2)))
INSERT [dbo].[order_item] ([order_item_id], [order_id], [book_id], [quantity], [price], [subtotal]) VALUES (1099, 1064, 3, 1, CAST(300.00 AS Numeric(38, 2)), CAST(300.00 AS Numeric(38, 2)))
INSERT [dbo].[order_item] ([order_item_id], [order_id], [book_id], [quantity], [price], [subtotal]) VALUES (1100, 1065, 3, 1, CAST(300.00 AS Numeric(38, 2)), CAST(300.00 AS Numeric(38, 2)))
INSERT [dbo].[order_item] ([order_item_id], [order_id], [book_id], [quantity], [price], [subtotal]) VALUES (1101, 1066, 6, 1, CAST(350.00 AS Numeric(38, 2)), CAST(350.00 AS Numeric(38, 2)))
INSERT [dbo].[order_item] ([order_item_id], [order_id], [book_id], [quantity], [price], [subtotal]) VALUES (1102, 1067, 6, 1, CAST(350.00 AS Numeric(38, 2)), CAST(350.00 AS Numeric(38, 2)))
INSERT [dbo].[order_item] ([order_item_id], [order_id], [book_id], [quantity], [price], [subtotal]) VALUES (1103, 1068, 6, 1, CAST(350.00 AS Numeric(38, 2)), CAST(350.00 AS Numeric(38, 2)))
INSERT [dbo].[order_item] ([order_item_id], [order_id], [book_id], [quantity], [price], [subtotal]) VALUES (1104, 1069, 6, 1, CAST(350.00 AS Numeric(38, 2)), CAST(350.00 AS Numeric(38, 2)))
INSERT [dbo].[order_item] ([order_item_id], [order_id], [book_id], [quantity], [price], [subtotal]) VALUES (1105, 1070, 13, 1, CAST(1231.00 AS Numeric(38, 2)), CAST(1231.00 AS Numeric(38, 2)))
INSERT [dbo].[order_item] ([order_item_id], [order_id], [book_id], [quantity], [price], [subtotal]) VALUES (1106, 1071, 13, 1, CAST(1231.00 AS Numeric(38, 2)), CAST(1231.00 AS Numeric(38, 2)))
INSERT [dbo].[order_item] ([order_item_id], [order_id], [book_id], [quantity], [price], [subtotal]) VALUES (1107, 1072, 2, 1, CAST(350.00 AS Numeric(38, 2)), CAST(350.00 AS Numeric(38, 2)))
INSERT [dbo].[order_item] ([order_item_id], [order_id], [book_id], [quantity], [price], [subtotal]) VALUES (1108, 1073, 2, 1, CAST(350.00 AS Numeric(38, 2)), CAST(350.00 AS Numeric(38, 2)))
INSERT [dbo].[order_item] ([order_item_id], [order_id], [book_id], [quantity], [price], [subtotal]) VALUES (1109, 1074, 2, 1, CAST(350.00 AS Numeric(38, 2)), CAST(350.00 AS Numeric(38, 2)))
INSERT [dbo].[order_item] ([order_item_id], [order_id], [book_id], [quantity], [price], [subtotal]) VALUES (1110, 1075, 2, 1, CAST(350.00 AS Numeric(38, 2)), CAST(350.00 AS Numeric(38, 2)))
INSERT [dbo].[order_item] ([order_item_id], [order_id], [book_id], [quantity], [price], [subtotal]) VALUES (1111, 1076, 2, 1, CAST(350.00 AS Numeric(38, 2)), CAST(350.00 AS Numeric(38, 2)))
INSERT [dbo].[order_item] ([order_item_id], [order_id], [book_id], [quantity], [price], [subtotal]) VALUES (1112, 1077, 2, 1, CAST(350.00 AS Numeric(38, 2)), CAST(350.00 AS Numeric(38, 2)))
INSERT [dbo].[order_item] ([order_item_id], [order_id], [book_id], [quantity], [price], [subtotal]) VALUES (1113, 1078, 2, 1, CAST(350.00 AS Numeric(38, 2)), CAST(350.00 AS Numeric(38, 2)))
INSERT [dbo].[order_item] ([order_item_id], [order_id], [book_id], [quantity], [price], [subtotal]) VALUES (1114, 1079, 13, 1, CAST(1231.00 AS Numeric(38, 2)), CAST(1231.00 AS Numeric(38, 2)))
INSERT [dbo].[order_item] ([order_item_id], [order_id], [book_id], [quantity], [price], [subtotal]) VALUES (1115, 1080, 12, 1, CAST(450.00 AS Numeric(38, 2)), CAST(450.00 AS Numeric(38, 2)))
INSERT [dbo].[order_item] ([order_item_id], [order_id], [book_id], [quantity], [price], [subtotal]) VALUES (1116, 1081, 12, 1, CAST(450.00 AS Numeric(38, 2)), CAST(450.00 AS Numeric(38, 2)))
INSERT [dbo].[order_item] ([order_item_id], [order_id], [book_id], [quantity], [price], [subtotal]) VALUES (1117, 1082, 12, 1, CAST(450.00 AS Numeric(38, 2)), CAST(450.00 AS Numeric(38, 2)))
INSERT [dbo].[order_item] ([order_item_id], [order_id], [book_id], [quantity], [price], [subtotal]) VALUES (1118, 1083, 12, 1, CAST(450.00 AS Numeric(38, 2)), CAST(450.00 AS Numeric(38, 2)))
INSERT [dbo].[order_item] ([order_item_id], [order_id], [book_id], [quantity], [price], [subtotal]) VALUES (1119, 1084, 12, 1, CAST(450.00 AS Numeric(38, 2)), CAST(450.00 AS Numeric(38, 2)))
INSERT [dbo].[order_item] ([order_item_id], [order_id], [book_id], [quantity], [price], [subtotal]) VALUES (1120, 1084, 13, 1, CAST(1231.00 AS Numeric(38, 2)), CAST(1231.00 AS Numeric(38, 2)))
INSERT [dbo].[order_item] ([order_item_id], [order_id], [book_id], [quantity], [price], [subtotal]) VALUES (1121, 1085, 12, 1, CAST(450.00 AS Numeric(38, 2)), CAST(450.00 AS Numeric(38, 2)))
INSERT [dbo].[order_item] ([order_item_id], [order_id], [book_id], [quantity], [price], [subtotal]) VALUES (1122, 1085, 13, 1, CAST(1231.00 AS Numeric(38, 2)), CAST(1231.00 AS Numeric(38, 2)))
INSERT [dbo].[order_item] ([order_item_id], [order_id], [book_id], [quantity], [price], [subtotal]) VALUES (1123, 1086, 12, 1, CAST(450.00 AS Numeric(38, 2)), CAST(450.00 AS Numeric(38, 2)))
INSERT [dbo].[order_item] ([order_item_id], [order_id], [book_id], [quantity], [price], [subtotal]) VALUES (1124, 1087, 12, 1, CAST(450.00 AS Numeric(38, 2)), CAST(450.00 AS Numeric(38, 2)))
INSERT [dbo].[order_item] ([order_item_id], [order_id], [book_id], [quantity], [price], [subtotal]) VALUES (1125, 1088, 12, 1, CAST(450.00 AS Numeric(38, 2)), CAST(450.00 AS Numeric(38, 2)))
INSERT [dbo].[order_item] ([order_item_id], [order_id], [book_id], [quantity], [price], [subtotal]) VALUES (1126, 1089, 12, 1, CAST(450.00 AS Numeric(38, 2)), CAST(450.00 AS Numeric(38, 2)))
INSERT [dbo].[order_item] ([order_item_id], [order_id], [book_id], [quantity], [price], [subtotal]) VALUES (1127, 1090, 4, 1, CAST(320.00 AS Numeric(38, 2)), CAST(320.00 AS Numeric(38, 2)))
INSERT [dbo].[order_item] ([order_item_id], [order_id], [book_id], [quantity], [price], [subtotal]) VALUES (1128, 1091, 4, 1, CAST(320.00 AS Numeric(38, 2)), CAST(320.00 AS Numeric(38, 2)))
INSERT [dbo].[order_item] ([order_item_id], [order_id], [book_id], [quantity], [price], [subtotal]) VALUES (1129, 1092, 4, 1, CAST(320.00 AS Numeric(38, 2)), CAST(320.00 AS Numeric(38, 2)))
INSERT [dbo].[order_item] ([order_item_id], [order_id], [book_id], [quantity], [price], [subtotal]) VALUES (1130, 1093, 4, 1, CAST(320.00 AS Numeric(38, 2)), CAST(320.00 AS Numeric(38, 2)))
INSERT [dbo].[order_item] ([order_item_id], [order_id], [book_id], [quantity], [price], [subtotal]) VALUES (1131, 1094, 4, 1, CAST(320.00 AS Numeric(38, 2)), CAST(320.00 AS Numeric(38, 2)))
INSERT [dbo].[order_item] ([order_item_id], [order_id], [book_id], [quantity], [price], [subtotal]) VALUES (1132, 1094, 7, 1, CAST(950.00 AS Numeric(38, 2)), CAST(950.00 AS Numeric(38, 2)))
GO
INSERT [dbo].[order_item] ([order_item_id], [order_id], [book_id], [quantity], [price], [subtotal]) VALUES (1133, 1095, 7, 1, CAST(950.00 AS Numeric(38, 2)), CAST(950.00 AS Numeric(38, 2)))
INSERT [dbo].[order_item] ([order_item_id], [order_id], [book_id], [quantity], [price], [subtotal]) VALUES (1134, 1096, 7, 1, CAST(950.00 AS Numeric(38, 2)), CAST(950.00 AS Numeric(38, 2)))
INSERT [dbo].[order_item] ([order_item_id], [order_id], [book_id], [quantity], [price], [subtotal]) VALUES (1135, 1097, 4, 1, CAST(320.00 AS Numeric(38, 2)), CAST(320.00 AS Numeric(38, 2)))
INSERT [dbo].[order_item] ([order_item_id], [order_id], [book_id], [quantity], [price], [subtotal]) VALUES (1136, 1098, 7, 1, CAST(950.00 AS Numeric(38, 2)), CAST(950.00 AS Numeric(38, 2)))
INSERT [dbo].[order_item] ([order_item_id], [order_id], [book_id], [quantity], [price], [subtotal]) VALUES (1137, 1099, 7, 1, CAST(950.00 AS Numeric(38, 2)), CAST(950.00 AS Numeric(38, 2)))
INSERT [dbo].[order_item] ([order_item_id], [order_id], [book_id], [quantity], [price], [subtotal]) VALUES (1138, 1100, 13, 1, CAST(1231.00 AS Numeric(38, 2)), CAST(1231.00 AS Numeric(38, 2)))
INSERT [dbo].[order_item] ([order_item_id], [order_id], [book_id], [quantity], [price], [subtotal]) VALUES (1141, 1103, 4, 2, CAST(320.00 AS Numeric(38, 2)), CAST(640.00 AS Numeric(38, 2)))
INSERT [dbo].[order_item] ([order_item_id], [order_id], [book_id], [quantity], [price], [subtotal]) VALUES (1142, 17, 4, 1, CAST(320.00 AS Numeric(38, 2)), CAST(320.00 AS Numeric(38, 2)))
INSERT [dbo].[order_item] ([order_item_id], [order_id], [book_id], [quantity], [price], [subtotal]) VALUES (1143, 1104, 10, 1, CAST(500.00 AS Numeric(38, 2)), CAST(500.00 AS Numeric(38, 2)))
INSERT [dbo].[order_item] ([order_item_id], [order_id], [book_id], [quantity], [price], [subtotal]) VALUES (1144, 1104, 5, 10, CAST(400.00 AS Numeric(38, 2)), CAST(4000.00 AS Numeric(38, 2)))
INSERT [dbo].[order_item] ([order_item_id], [order_id], [book_id], [quantity], [price], [subtotal]) VALUES (1145, 1105, 5, 1, CAST(400.00 AS Numeric(38, 2)), CAST(400.00 AS Numeric(38, 2)))
INSERT [dbo].[order_item] ([order_item_id], [order_id], [book_id], [quantity], [price], [subtotal]) VALUES (1146, 1069, 12, 2, CAST(450.00 AS Numeric(38, 2)), CAST(900.00 AS Numeric(38, 2)))
INSERT [dbo].[order_item] ([order_item_id], [order_id], [book_id], [quantity], [price], [subtotal]) VALUES (1149, 1107, 7, 3, CAST(600.00 AS Numeric(38, 2)), CAST(1800.00 AS Numeric(38, 2)))
INSERT [dbo].[order_item] ([order_item_id], [order_id], [book_id], [quantity], [price], [subtotal]) VALUES (1150, 1107, 8, 2, CAST(720.00 AS Numeric(38, 2)), CAST(1440.00 AS Numeric(38, 2)))
INSERT [dbo].[order_item] ([order_item_id], [order_id], [book_id], [quantity], [price], [subtotal]) VALUES (1151, 1107, 9, 4, CAST(450.00 AS Numeric(38, 2)), CAST(1800.00 AS Numeric(38, 2)))
INSERT [dbo].[order_item] ([order_item_id], [order_id], [book_id], [quantity], [price], [subtotal]) VALUES (1152, 1108, 5, 6, CAST(550.00 AS Numeric(38, 2)), CAST(3300.00 AS Numeric(38, 2)))
INSERT [dbo].[order_item] ([order_item_id], [order_id], [book_id], [quantity], [price], [subtotal]) VALUES (1153, 1108, 10, 5, CAST(450.00 AS Numeric(38, 2)), CAST(2250.00 AS Numeric(38, 2)))
INSERT [dbo].[order_item] ([order_item_id], [order_id], [book_id], [quantity], [price], [subtotal]) VALUES (1154, 1108, 8, 2, CAST(720.00 AS Numeric(38, 2)), CAST(1440.00 AS Numeric(38, 2)))
INSERT [dbo].[order_item] ([order_item_id], [order_id], [book_id], [quantity], [price], [subtotal]) VALUES (1155, 1108, 6, 9, CAST(450.00 AS Numeric(38, 2)), CAST(4050.00 AS Numeric(38, 2)))
INSERT [dbo].[order_item] ([order_item_id], [order_id], [book_id], [quantity], [price], [subtotal]) VALUES (1156, 1109, 5, 4, CAST(450.00 AS Numeric(38, 2)), CAST(1800.00 AS Numeric(38, 2)))
INSERT [dbo].[order_item] ([order_item_id], [order_id], [book_id], [quantity], [price], [subtotal]) VALUES (1157, 1109, 7, 3, CAST(600.00 AS Numeric(38, 2)), CAST(1800.00 AS Numeric(38, 2)))
INSERT [dbo].[order_item] ([order_item_id], [order_id], [book_id], [quantity], [price], [subtotal]) VALUES (1158, 1109, 8, 3, CAST(720.00 AS Numeric(38, 2)), CAST(2160.00 AS Numeric(38, 2)))
INSERT [dbo].[order_item] ([order_item_id], [order_id], [book_id], [quantity], [price], [subtotal]) VALUES (1159, 1109, 9, 3, CAST(450.00 AS Numeric(38, 2)), CAST(1350.00 AS Numeric(38, 2)))
INSERT [dbo].[order_item] ([order_item_id], [order_id], [book_id], [quantity], [price], [subtotal]) VALUES (1161, 1109, 10, 1, CAST(450.00 AS Numeric(38, 2)), CAST(450.00 AS Numeric(38, 2)))
INSERT [dbo].[order_item] ([order_item_id], [order_id], [book_id], [quantity], [price], [subtotal]) VALUES (1162, 1110, 9, 1, CAST(450.00 AS Numeric(38, 2)), CAST(450.00 AS Numeric(38, 2)))
SET IDENTITY_INSERT [dbo].[order_item] OFF
GO
SET IDENTITY_INSERT [dbo].[order_returns] ON 

INSERT [dbo].[order_returns] ([return_id], [created_at], [description], [reason], [order_id]) VALUES (1, CAST(N'2026-01-29T15:15:17.2360000' AS DateTime2), N'', N'商品有瑕疵', 1104)
INSERT [dbo].[order_returns] ([return_id], [created_at], [description], [reason], [order_id]) VALUES (2, CAST(N'2026-01-29T15:23:44.0580000' AS DateTime2), N'我將退貨', N'收到錯誤商品', 1105)
INSERT [dbo].[order_returns] ([return_id], [created_at], [description], [reason], [order_id]) VALUES (3, CAST(N'2026-01-31T11:30:40.5980000' AS DateTime2), N'', N'改變心意', 1067)
SET IDENTITY_INSERT [dbo].[order_returns] OFF
GO
SET IDENTITY_INSERT [dbo].[orders] ON 

INSERT [dbo].[orders] ([order_id], [user_id], [total_amount], [payment_method], [payment_status], [order_status], [recipient_at], [address], [phone], [shipped_at], [delivered_at], [received_at], [created_at], [updated_at], [paid_at], [completed_at], [DELIVERY_METHOD], [SHIPPING_FEE], [FINAL_AMOUNT], [COUPON_ID], [DISCOUNT]) VALUES (1, 1, CAST(1300.00 AS Numeric(38, 2)), N'貨到付款', N'已付款', N'已送達', N'陳總管理', N'台醫店 (006598) - 台北市中正區中山南路７號１樓', N'0910111222', CAST(N'2025-10-03T09:00:00.0000000' AS DateTime2), CAST(N'2025-10-05T08:30:00.0000000' AS DateTime2), CAST(N'2025-10-05T10:15:00.0000000' AS DateTime2), CAST(N'2025-10-02T13:28:00.0000000' AS DateTime2), CAST(N'2025-10-05T10:20:00.0000000' AS DateTime2), CAST(N'2025-10-05T10:15:00.0000000' AS DateTime2), CAST(N'2025-10-05T10:15:00.0000000' AS DateTime2), N'超商取貨', CAST(0.00 AS Numeric(38, 2)), CAST(1300.00 AS Numeric(38, 2)), NULL, NULL)
INSERT [dbo].[orders] ([order_id], [user_id], [total_amount], [payment_method], [payment_status], [order_status], [recipient_at], [address], [phone], [shipped_at], [delivered_at], [received_at], [created_at], [updated_at], [paid_at], [completed_at], [DELIVERY_METHOD], [SHIPPING_FEE], [FINAL_AMOUNT], [COUPON_ID], [DISCOUNT]) VALUES (2, 4, CAST(1900.00 AS Numeric(38, 2)), N'貨到付款', N'已付款', N'已完成', N'張雅雯', N'北市杭州店 (2001) - 台北市大安區杭州南路二段５號', N'0940777888', CAST(N'2025-10-04T10:28:00.0000000' AS DateTime2), CAST(N'2025-10-06T10:28:00.0000000' AS DateTime2), CAST(N'2025-10-06T11:13:00.0000000' AS DateTime2), CAST(N'2025-10-02T13:28:00.0000000' AS DateTime2), CAST(N'2025-10-06T11:13:00.0000000' AS DateTime2), CAST(N'2025-10-06T11:13:00.0000000' AS DateTime2), CAST(N'2025-10-06T11:13:00.0000000' AS DateTime2), N'超商取貨', CAST(0.00 AS Numeric(38, 2)), CAST(1900.00 AS Numeric(38, 2)), NULL, NULL)
INSERT [dbo].[orders] ([order_id], [user_id], [total_amount], [payment_method], [payment_status], [order_status], [recipient_at], [address], [phone], [shipped_at], [delivered_at], [received_at], [created_at], [updated_at], [paid_at], [completed_at], [DELIVERY_METHOD], [SHIPPING_FEE], [FINAL_AMOUNT], [COUPON_ID], [DISCOUNT]) VALUES (4, 5, CAST(500.00 AS Numeric(38, 2)), N'貨到付款', N'已付款', N'已完成', N'李國豪', N'建盛門市 (131386) - 新竹市東區建中一路52號1樓', N'0950999000', CAST(N'2025-10-03T11:00:00.0000000' AS DateTime2), CAST(N'2025-10-05T10:00:00.0000000' AS DateTime2), CAST(N'2025-10-05T14:20:00.0000000' AS DateTime2), CAST(N'2025-10-02T13:28:00.0000000' AS DateTime2), CAST(N'2025-10-05T14:30:00.0000000' AS DateTime2), CAST(N'2025-10-05T14:20:00.0000000' AS DateTime2), CAST(N'2025-10-05T14:20:00.0000000' AS DateTime2), N'超商取貨', CAST(0.00 AS Numeric(38, 2)), CAST(500.00 AS Numeric(38, 2)), NULL, NULL)
INSERT [dbo].[orders] ([order_id], [user_id], [total_amount], [payment_method], [payment_status], [order_status], [recipient_at], [address], [phone], [shipped_at], [delivered_at], [received_at], [created_at], [updated_at], [paid_at], [completed_at], [DELIVERY_METHOD], [SHIPPING_FEE], [FINAL_AMOUNT], [COUPON_ID], [DISCOUNT]) VALUES (5, 9, CAST(1300.00 AS Numeric(38, 2)), N'信用卡', N'已付款', N'已完成', N'林光磊', N'台北市信義區管理中心', N'0971554238', CAST(N'2025-10-07T09:00:00.0000000' AS DateTime2), CAST(N'2025-10-09T14:00:00.0000000' AS DateTime2), CAST(N'2025-10-09T18:30:00.0000000' AS DateTime2), CAST(N'2025-10-05T14:51:00.0000000' AS DateTime2), CAST(N'2025-10-09T18:40:00.0000000' AS DateTime2), CAST(N'2025-10-05T15:05:00.0000000' AS DateTime2), CAST(N'2025-10-09T18:30:00.0000000' AS DateTime2), N'宅配到府', CAST(0.00 AS Numeric(38, 2)), CAST(1300.00 AS Numeric(38, 2)), NULL, NULL)
INSERT [dbo].[orders] ([order_id], [user_id], [total_amount], [payment_method], [payment_status], [order_status], [recipient_at], [address], [phone], [shipped_at], [delivered_at], [received_at], [created_at], [updated_at], [paid_at], [completed_at], [DELIVERY_METHOD], [SHIPPING_FEE], [FINAL_AMOUNT], [COUPON_ID], [DISCOUNT]) VALUES (6, 1, CAST(500.00 AS Numeric(38, 2)), N'貨到付款', N'未付款', N'已取消', N'陳總管理', N'建盛門市 (131386) - 新竹市東區建中一路52號1樓', N'0990707808', NULL, NULL, NULL, CAST(N'2025-10-05T14:51:00.0000000' AS DateTime2), CAST(N'2025-10-06T10:00:00.0000000' AS DateTime2), NULL, NULL, N'超商取貨', CAST(0.00 AS Numeric(38, 2)), CAST(500.00 AS Numeric(38, 2)), NULL, NULL)
INSERT [dbo].[orders] ([order_id], [user_id], [total_amount], [payment_method], [payment_status], [order_status], [recipient_at], [address], [phone], [shipped_at], [delivered_at], [received_at], [created_at], [updated_at], [paid_at], [completed_at], [DELIVERY_METHOD], [SHIPPING_FEE], [FINAL_AMOUNT], [COUPON_ID], [DISCOUNT]) VALUES (8, 5, CAST(500.00 AS Numeric(38, 2)), N'貨到付款', N'已付款', N'已完成', N'李國豪', N'建盛門市 (131386) - 新竹市東區建中一路52號1樓', N'0947158247', CAST(N'2025-10-08T10:00:00.0000000' AS DateTime2), CAST(N'2025-10-10T15:00:00.0000000' AS DateTime2), CAST(N'2025-10-10T19:20:00.0000000' AS DateTime2), CAST(N'2025-10-07T14:51:00.0000000' AS DateTime2), CAST(N'2025-10-10T19:30:00.0000000' AS DateTime2), CAST(N'2025-10-10T19:20:00.0000000' AS DateTime2), CAST(N'2025-10-10T19:20:00.0000000' AS DateTime2), N'超商取貨', CAST(0.00 AS Numeric(38, 2)), CAST(500.00 AS Numeric(38, 2)), NULL, NULL)
INSERT [dbo].[orders] ([order_id], [user_id], [total_amount], [payment_method], [payment_status], [order_status], [recipient_at], [address], [phone], [shipped_at], [delivered_at], [received_at], [created_at], [updated_at], [paid_at], [completed_at], [DELIVERY_METHOD], [SHIPPING_FEE], [FINAL_AMOUNT], [COUPON_ID], [DISCOUNT]) VALUES (13, 4, CAST(400.00 AS Numeric(38, 2)), N'貨到付款', N'已付款', N'已完成', N'張雅雯', N'台醫店 (006598) - 台北市中正區中山南路７號１樓', N'0912345678', CAST(N'2025-10-11T09:00:00.0000000' AS DateTime2), CAST(N'2025-10-13T10:00:00.0000000' AS DateTime2), CAST(N'2025-10-13T12:00:00.0000000' AS DateTime2), CAST(N'2025-10-10T10:56:00.0000000' AS DateTime2), CAST(N'2025-10-13T12:10:00.0000000' AS DateTime2), CAST(N'2025-10-13T12:00:00.0000000' AS DateTime2), CAST(N'2025-10-13T12:00:00.0000000' AS DateTime2), N'超商取貨', CAST(0.00 AS Numeric(38, 2)), CAST(400.00 AS Numeric(38, 2)), NULL, NULL)
INSERT [dbo].[orders] ([order_id], [user_id], [total_amount], [payment_method], [payment_status], [order_status], [recipient_at], [address], [phone], [shipped_at], [delivered_at], [received_at], [created_at], [updated_at], [paid_at], [completed_at], [DELIVERY_METHOD], [SHIPPING_FEE], [FINAL_AMOUNT], [COUPON_ID], [DISCOUNT]) VALUES (14, 10, CAST(400.00 AS Numeric(38, 2)), N'貨到付款', N'已付款', N'已完成', N'趙後勤', N'北市杭州店 (2001) - 台北市大安區杭州南路二段５號', N'0912345678', CAST(N'2025-10-13T10:00:00.0000000' AS DateTime2), CAST(N'2025-10-15T11:00:00.0000000' AS DateTime2), CAST(N'2025-10-15T15:30:00.0000000' AS DateTime2), CAST(N'2025-10-12T11:04:00.0000000' AS DateTime2), CAST(N'2025-10-15T15:40:00.0000000' AS DateTime2), CAST(N'2025-10-15T15:30:00.0000000' AS DateTime2), CAST(N'2025-10-15T15:30:00.0000000' AS DateTime2), N'超商取貨', CAST(0.00 AS Numeric(38, 2)), CAST(400.00 AS Numeric(38, 2)), NULL, NULL)
INSERT [dbo].[orders] ([order_id], [user_id], [total_amount], [payment_method], [payment_status], [order_status], [recipient_at], [address], [phone], [shipped_at], [delivered_at], [received_at], [created_at], [updated_at], [paid_at], [completed_at], [DELIVERY_METHOD], [SHIPPING_FEE], [FINAL_AMOUNT], [COUPON_ID], [DISCOUNT]) VALUES (15, 1, CAST(700.00 AS Numeric(38, 2)), N'貨到付款', N'已付款', N'已完成', N'陳總管理', N'台醫店 (006598) - 台北市中正區中山南路７號１樓', N'0990707808', CAST(N'2025-10-16T11:00:00.0000000' AS DateTime2), CAST(N'2025-10-18T09:00:00.0000000' AS DateTime2), CAST(N'2025-10-18T10:11:00.0000000' AS DateTime2), CAST(N'2025-10-15T11:06:00.0000000' AS DateTime2), CAST(N'2025-10-18T10:20:00.0000000' AS DateTime2), CAST(N'2025-10-18T10:11:00.0000000' AS DateTime2), CAST(N'2025-10-18T10:11:00.0000000' AS DateTime2), N'超商取貨', CAST(0.00 AS Numeric(38, 2)), CAST(700.00 AS Numeric(38, 2)), NULL, NULL)
INSERT [dbo].[orders] ([order_id], [user_id], [total_amount], [payment_method], [payment_status], [order_status], [recipient_at], [address], [phone], [shipped_at], [delivered_at], [received_at], [created_at], [updated_at], [paid_at], [completed_at], [DELIVERY_METHOD], [SHIPPING_FEE], [FINAL_AMOUNT], [COUPON_ID], [DISCOUNT]) VALUES (17, 5, CAST(1120.00 AS Numeric(38, 2)), N'貨到付款', N'已付款', N'已完成', N'李國豪', N'建盛門市 (131386) - 新竹市東區建中一路52號1樓', N'0912345678', CAST(N'2025-10-19T09:00:00.0000000' AS DateTime2), CAST(N'2025-10-21T08:00:00.0000000' AS DateTime2), CAST(N'2025-10-21T11:19:00.0000000' AS DateTime2), CAST(N'2025-10-18T11:09:00.0000000' AS DateTime2), CAST(N'2025-10-21T11:25:00.0000000' AS DateTime2), CAST(N'2025-10-21T11:19:00.0000000' AS DateTime2), CAST(N'2025-10-21T11:19:00.0000000' AS DateTime2), N'超商取貨', CAST(0.00 AS Numeric(38, 2)), CAST(1120.00 AS Numeric(38, 2)), NULL, NULL)
INSERT [dbo].[orders] ([order_id], [user_id], [total_amount], [payment_method], [payment_status], [order_status], [recipient_at], [address], [phone], [shipped_at], [delivered_at], [received_at], [created_at], [updated_at], [paid_at], [completed_at], [DELIVERY_METHOD], [SHIPPING_FEE], [FINAL_AMOUNT], [COUPON_ID], [DISCOUNT]) VALUES (24, 4, CAST(1100.00 AS Numeric(38, 2)), N'信用卡', N'已付款', N'已完成', N'張雅雯', N'花蓮縣吉安鄉中央路', N'0912345678', CAST(N'2025-10-22T10:00:00.0000000' AS DateTime2), CAST(N'2025-10-24T14:00:00.0000000' AS DateTime2), CAST(N'2025-10-24T18:00:00.0000000' AS DateTime2), CAST(N'2025-10-20T11:48:00.0000000' AS DateTime2), CAST(N'2025-10-24T18:10:00.0000000' AS DateTime2), CAST(N'2025-10-20T12:05:00.0000000' AS DateTime2), CAST(N'2025-10-24T18:00:00.0000000' AS DateTime2), N'宅配到府', CAST(0.00 AS Numeric(38, 2)), CAST(1100.00 AS Numeric(38, 2)), NULL, NULL)
INSERT [dbo].[orders] ([order_id], [user_id], [total_amount], [payment_method], [payment_status], [order_status], [recipient_at], [address], [phone], [shipped_at], [delivered_at], [received_at], [created_at], [updated_at], [paid_at], [completed_at], [DELIVERY_METHOD], [SHIPPING_FEE], [FINAL_AMOUNT], [COUPON_ID], [DISCOUNT]) VALUES (25, 1, CAST(400.00 AS Numeric(38, 2)), N'貨到付款', N'已付款', N'已完成', N'陳總管理', N'建盛門市 (131386) - 新竹市東區建中一路52號1樓', N'0912345678', CAST(N'2025-10-23T09:00:00.0000000' AS DateTime2), CAST(N'2025-10-25T10:00:00.0000000' AS DateTime2), CAST(N'2025-10-25T11:00:00.0000000' AS DateTime2), CAST(N'2025-10-22T15:56:00.0000000' AS DateTime2), CAST(N'2025-10-25T11:10:00.0000000' AS DateTime2), CAST(N'2025-10-25T11:00:00.0000000' AS DateTime2), CAST(N'2025-10-25T11:00:00.0000000' AS DateTime2), N'超商取貨', CAST(50.00 AS Numeric(38, 2)), CAST(400.00 AS Numeric(38, 2)), NULL, NULL)
INSERT [dbo].[orders] ([order_id], [user_id], [total_amount], [payment_method], [payment_status], [order_status], [recipient_at], [address], [phone], [shipped_at], [delivered_at], [received_at], [created_at], [updated_at], [paid_at], [completed_at], [DELIVERY_METHOD], [SHIPPING_FEE], [FINAL_AMOUNT], [COUPON_ID], [DISCOUNT]) VALUES (26, 7, CAST(350.00 AS Numeric(38, 2)), N'信用卡', N'已付款', N'已完成', N'許志明', N'台北市大安區復興南路', N'0987654321', CAST(N'2025-10-27T10:00:00.0000000' AS DateTime2), CAST(N'2025-10-29T11:00:00.0000000' AS DateTime2), CAST(N'2025-10-29T15:00:00.0000000' AS DateTime2), CAST(N'2025-10-25T10:37:00.0000000' AS DateTime2), CAST(N'2025-10-29T15:10:00.0000000' AS DateTime2), CAST(N'2025-10-25T10:50:00.0000000' AS DateTime2), CAST(N'2025-10-29T15:00:00.0000000' AS DateTime2), N'宅配到府', CAST(50.00 AS Numeric(38, 2)), CAST(350.00 AS Numeric(38, 2)), NULL, NULL)
INSERT [dbo].[orders] ([order_id], [user_id], [total_amount], [payment_method], [payment_status], [order_status], [recipient_at], [address], [phone], [shipped_at], [delivered_at], [received_at], [created_at], [updated_at], [paid_at], [completed_at], [DELIVERY_METHOD], [SHIPPING_FEE], [FINAL_AMOUNT], [COUPON_ID], [DISCOUNT]) VALUES (27, 8, CAST(650.00 AS Numeric(38, 2)), N'信用卡', N'已付款', N'已完成', N'周小敏', N'高雄市苓雅區光華路', N'0990707808', CAST(N'2025-10-30T11:00:00.0000000' AS DateTime2), CAST(N'2025-11-01T10:00:00.0000000' AS DateTime2), CAST(N'2025-11-01T16:00:00.0000000' AS DateTime2), CAST(N'2025-10-28T11:56:00.0000000' AS DateTime2), CAST(N'2025-11-01T16:10:00.0000000' AS DateTime2), CAST(N'2025-10-28T12:10:00.0000000' AS DateTime2), CAST(N'2025-11-01T16:00:00.0000000' AS DateTime2), N'宅配到府', CAST(0.00 AS Numeric(38, 2)), CAST(650.00 AS Numeric(38, 2)), NULL, NULL)
INSERT [dbo].[orders] ([order_id], [user_id], [total_amount], [payment_method], [payment_status], [order_status], [recipient_at], [address], [phone], [shipped_at], [delivered_at], [received_at], [created_at], [updated_at], [paid_at], [completed_at], [DELIVERY_METHOD], [SHIPPING_FEE], [FINAL_AMOUNT], [COUPON_ID], [DISCOUNT]) VALUES (28, 6, CAST(1200.00 AS Numeric(38, 2)), N'貨到付款', N'已付款', N'已完成', N'鄭宜靜', N'台醫店 (006598) - 台北市中正區中山南路７號１樓', N'0987654321', CAST(N'2025-11-03T10:00:00.0000000' AS DateTime2), CAST(N'2025-11-05T09:00:00.0000000' AS DateTime2), CAST(N'2025-11-05T15:10:00.0000000' AS DateTime2), CAST(N'2025-11-02T10:33:00.0000000' AS DateTime2), CAST(N'2025-11-05T15:20:00.0000000' AS DateTime2), CAST(N'2025-11-05T15:10:00.0000000' AS DateTime2), CAST(N'2025-11-05T15:10:00.0000000' AS DateTime2), N'超商取貨', CAST(0.00 AS Numeric(38, 2)), CAST(1200.00 AS Numeric(38, 2)), NULL, NULL)
INSERT [dbo].[orders] ([order_id], [user_id], [total_amount], [payment_method], [payment_status], [order_status], [recipient_at], [address], [phone], [shipped_at], [delivered_at], [received_at], [created_at], [updated_at], [paid_at], [completed_at], [DELIVERY_METHOD], [SHIPPING_FEE], [FINAL_AMOUNT], [COUPON_ID], [DISCOUNT]) VALUES (36, 5, CAST(400.00 AS Numeric(38, 2)), N'信用卡', N'已付款', N'已完成', N'李國豪', N'中壢區新生路二段', N'0789031237', CAST(N'2025-11-06T10:00:00.0000000' AS DateTime2), CAST(N'2025-11-08T11:00:00.0000000' AS DateTime2), CAST(N'2025-11-08T14:00:00.0000000' AS DateTime2), CAST(N'2025-11-04T18:55:00.0000000' AS DateTime2), CAST(N'2025-11-08T14:10:00.0000000' AS DateTime2), CAST(N'2025-11-04T19:10:00.0000000' AS DateTime2), CAST(N'2025-11-08T14:00:00.0000000' AS DateTime2), N'宅配到府', CAST(50.00 AS Numeric(38, 2)), CAST(400.00 AS Numeric(38, 2)), NULL, NULL)
INSERT [dbo].[orders] ([order_id], [user_id], [total_amount], [payment_method], [payment_status], [order_status], [recipient_at], [address], [phone], [shipped_at], [delivered_at], [received_at], [created_at], [updated_at], [paid_at], [completed_at], [DELIVERY_METHOD], [SHIPPING_FEE], [FINAL_AMOUNT], [COUPON_ID], [DISCOUNT]) VALUES (37, 4, CAST(750.00 AS Numeric(38, 2)), N'信用卡', N'已付款', N'已完成', N'張雅雯', N'中壢區新生路二段', N'0940777888', CAST(N'2025-11-08T11:00:00.0000000' AS DateTime2), CAST(N'2025-11-10T15:00:00.0000000' AS DateTime2), CAST(N'2025-11-10T20:34:00.0000000' AS DateTime2), CAST(N'2025-11-06T18:55:00.0000000' AS DateTime2), CAST(N'2025-11-10T20:45:00.0000000' AS DateTime2), CAST(N'2025-11-06T19:30:00.0000000' AS DateTime2), CAST(N'2025-11-10T20:34:00.0000000' AS DateTime2), N'宅配到府', CAST(0.00 AS Numeric(38, 2)), CAST(750.00 AS Numeric(38, 2)), NULL, NULL)
INSERT [dbo].[orders] ([order_id], [user_id], [total_amount], [payment_method], [payment_status], [order_status], [recipient_at], [address], [phone], [shipped_at], [delivered_at], [received_at], [created_at], [updated_at], [paid_at], [completed_at], [DELIVERY_METHOD], [SHIPPING_FEE], [FINAL_AMOUNT], [COUPON_ID], [DISCOUNT]) VALUES (38, 8, CAST(720.00 AS Numeric(38, 2)), N'貨到付款', N'已付款', N'已取消', N'周小敏', N'台醫店 (006598) - 台北市中正區中山南路７號１樓', N'0912345678', NULL, NULL, NULL, CAST(N'2025-11-08T20:35:00.0000000' AS DateTime2), CAST(N'2025-11-09T10:00:00.0000000' AS DateTime2), NULL, NULL, N'超商取貨', CAST(0.00 AS Numeric(38, 2)), CAST(720.00 AS Numeric(38, 2)), NULL, NULL)
INSERT [dbo].[orders] ([order_id], [user_id], [total_amount], [payment_method], [payment_status], [order_status], [recipient_at], [address], [phone], [shipped_at], [delivered_at], [received_at], [created_at], [updated_at], [paid_at], [completed_at], [DELIVERY_METHOD], [SHIPPING_FEE], [FINAL_AMOUNT], [COUPON_ID], [DISCOUNT]) VALUES (39, 1, CAST(750.00 AS Numeric(38, 2)), N'信用卡', N'已付款', N'已完成', N'陳總管理', N'中壢區新生路二段', N'0912345678', CAST(N'2025-11-12T10:00:00.0000000' AS DateTime2), CAST(N'2025-11-14T11:00:00.0000000' AS DateTime2), CAST(N'2025-11-14T16:00:00.0000000' AS DateTime2), CAST(N'2025-11-10T14:48:00.0000000' AS DateTime2), CAST(N'2026-01-06T14:48:01.2630000' AS DateTime2), CAST(N'2025-11-14T16:10:00.0000000' AS DateTime2), CAST(N'2025-11-14T16:00:00.0000000' AS DateTime2), N'宅配到府', CAST(0.00 AS Numeric(38, 2)), CAST(750.00 AS Numeric(38, 2)), NULL, NULL)
INSERT [dbo].[orders] ([order_id], [user_id], [total_amount], [payment_method], [payment_status], [order_status], [recipient_at], [address], [phone], [shipped_at], [delivered_at], [received_at], [created_at], [updated_at], [paid_at], [completed_at], [DELIVERY_METHOD], [SHIPPING_FEE], [FINAL_AMOUNT], [COUPON_ID], [DISCOUNT]) VALUES (40, 10, CAST(700.00 AS Numeric(38, 2)), N'信用卡', N'已付款', N'已完成', N'趙後勤', N'台南市安平區後勤中心', N'0789031237', CAST(N'2025-11-14T11:00:00.0000000' AS DateTime2), CAST(N'2025-11-16T14:00:00.0000000' AS DateTime2), CAST(N'2025-11-16T18:00:00.0000000' AS DateTime2), CAST(N'2025-11-12T11:46:00.0000000' AS DateTime2), CAST(N'2025-11-16T18:15:00.0000000' AS DateTime2), CAST(N'2025-11-12T12:10:00.0000000' AS DateTime2), CAST(N'2025-11-16T18:00:00.0000000' AS DateTime2), N'宅配到府', CAST(0.00 AS Numeric(38, 2)), CAST(700.00 AS Numeric(38, 2)), NULL, NULL)
INSERT [dbo].[orders] ([order_id], [user_id], [total_amount], [payment_method], [payment_status], [order_status], [recipient_at], [address], [phone], [shipped_at], [delivered_at], [received_at], [created_at], [updated_at], [paid_at], [completed_at], [DELIVERY_METHOD], [SHIPPING_FEE], [FINAL_AMOUNT], [COUPON_ID], [DISCOUNT]) VALUES (41, 2, CAST(1200.00 AS Numeric(38, 2)), N'貨到付款', N'已付款', N'已完成', N'林佳儀', N'台醫店 (006598) - 台北市中正區中山南路７號１樓', N'0971554238', CAST(N'2025-11-16T10:00:00.0000000' AS DateTime2), CAST(N'2025-11-18T09:00:00.0000000' AS DateTime2), CAST(N'2025-11-18T10:00:00.0000000' AS DateTime2), CAST(N'2025-11-15T14:48:00.0000000' AS DateTime2), CAST(N'2025-11-18T10:15:00.0000000' AS DateTime2), CAST(N'2025-11-18T10:00:00.0000000' AS DateTime2), CAST(N'2025-11-18T10:00:00.0000000' AS DateTime2), N'超商取貨', CAST(0.00 AS Numeric(38, 2)), CAST(1200.00 AS Numeric(38, 2)), NULL, NULL)
INSERT [dbo].[orders] ([order_id], [user_id], [total_amount], [payment_method], [payment_status], [order_status], [recipient_at], [address], [phone], [shipped_at], [delivered_at], [received_at], [created_at], [updated_at], [paid_at], [completed_at], [DELIVERY_METHOD], [SHIPPING_FEE], [FINAL_AMOUNT], [COUPON_ID], [DISCOUNT]) VALUES (42, 9, CAST(300.00 AS Numeric(38, 2)), N'信用卡', N'已付款', N'已完成', N'林光磊', N'中壢區新生路二段', N'0789031237', CAST(N'2025-11-20T15:00:00.0000000' AS DateTime2), CAST(N'2025-11-22T10:00:00.0000000' AS DateTime2), CAST(N'2025-11-22T12:00:00.0000000' AS DateTime2), CAST(N'2025-11-18T15:59:00.0000000' AS DateTime2), CAST(N'2025-11-22T12:10:00.0000000' AS DateTime2), CAST(N'2025-11-18T16:15:00.0000000' AS DateTime2), CAST(N'2025-11-22T12:00:00.0000000' AS DateTime2), N'宅配到府', CAST(50.00 AS Numeric(38, 2)), CAST(300.00 AS Numeric(38, 2)), NULL, NULL)
INSERT [dbo].[orders] ([order_id], [user_id], [total_amount], [payment_method], [payment_status], [order_status], [recipient_at], [address], [phone], [shipped_at], [delivered_at], [received_at], [created_at], [updated_at], [paid_at], [completed_at], [DELIVERY_METHOD], [SHIPPING_FEE], [FINAL_AMOUNT], [COUPON_ID], [DISCOUNT]) VALUES (1040, 4, CAST(350.00 AS Numeric(38, 2)), N'信用卡', N'已付款', N'已完成', N'張雅雯', N'台中市西屯區逢甲路', N'0940777888', CAST(N'2025-11-22T10:00:00.0000000' AS DateTime2), CAST(N'2025-11-24T11:00:00.0000000' AS DateTime2), CAST(N'2025-11-24T15:00:00.0000000' AS DateTime2), CAST(N'2025-11-20T13:55:00.0000000' AS DateTime2), CAST(N'2025-11-24T15:10:00.0000000' AS DateTime2), CAST(N'2025-11-20T14:10:00.0000000' AS DateTime2), CAST(N'2025-11-24T15:00:00.0000000' AS DateTime2), N'宅配到府', CAST(50.00 AS Numeric(38, 2)), CAST(350.00 AS Numeric(38, 2)), NULL, NULL)
INSERT [dbo].[orders] ([order_id], [user_id], [total_amount], [payment_method], [payment_status], [order_status], [recipient_at], [address], [phone], [shipped_at], [delivered_at], [received_at], [created_at], [updated_at], [paid_at], [completed_at], [DELIVERY_METHOD], [SHIPPING_FEE], [FINAL_AMOUNT], [COUPON_ID], [DISCOUNT]) VALUES (1041, 2, CAST(3112.00 AS Numeric(38, 2)), N'貨到付款', N'已付款', N'已完成', N'林佳儀', N'建盛門市 (131386) - 新竹市東區建中一路52號1樓', N'0910111222', CAST(N'2025-11-23T09:00:00.0000000' AS DateTime2), CAST(N'2025-11-25T10:00:00.0000000' AS DateTime2), CAST(N'2025-11-25T14:51:00.0000000' AS DateTime2), CAST(N'2025-11-22T14:51:00.0000000' AS DateTime2), CAST(N'2025-11-25T15:00:00.0000000' AS DateTime2), CAST(N'2025-11-25T14:51:00.0000000' AS DateTime2), CAST(N'2025-11-25T14:51:00.0000000' AS DateTime2), N'宅配到府', CAST(0.00 AS Numeric(38, 2)), CAST(3112.00 AS Numeric(38, 2)), NULL, NULL)
INSERT [dbo].[orders] ([order_id], [user_id], [total_amount], [payment_method], [payment_status], [order_status], [recipient_at], [address], [phone], [shipped_at], [delivered_at], [received_at], [created_at], [updated_at], [paid_at], [completed_at], [DELIVERY_METHOD], [SHIPPING_FEE], [FINAL_AMOUNT], [COUPON_ID], [DISCOUNT]) VALUES (1042, 8, CAST(400.00 AS Numeric(38, 2)), N'貨到付款', N'未付款', N'已取消', N'周小敏', N'建盛門市 (131386) - 新竹市東區建中一路52號1樓', N'0971554238', NULL, NULL, NULL, CAST(N'2025-11-25T14:58:00.0000000' AS DateTime2), CAST(N'2025-11-26T14:58:00.0000000' AS DateTime2), NULL, NULL, N'超商取貨', CAST(50.00 AS Numeric(38, 2)), CAST(450.00 AS Numeric(38, 2)), NULL, NULL)
INSERT [dbo].[orders] ([order_id], [user_id], [total_amount], [payment_method], [payment_status], [order_status], [recipient_at], [address], [phone], [shipped_at], [delivered_at], [received_at], [created_at], [updated_at], [paid_at], [completed_at], [DELIVERY_METHOD], [SHIPPING_FEE], [FINAL_AMOUNT], [COUPON_ID], [DISCOUNT]) VALUES (1043, 6, CAST(350.00 AS Numeric(38, 2)), N'信用卡', N'已付款', N'已完成', N'鄭宜靜', N'新竹市東區光復路', N'0910111222', CAST(N'2025-11-30T11:00:00.0000000' AS DateTime2), CAST(N'2025-12-02T14:00:00.0000000' AS DateTime2), CAST(N'2025-12-02T18:00:00.0000000' AS DateTime2), CAST(N'2025-11-28T15:28:00.0000000' AS DateTime2), CAST(N'2025-12-02T18:10:00.0000000' AS DateTime2), CAST(N'2025-11-28T15:40:00.0000000' AS DateTime2), CAST(N'2025-12-02T18:00:00.0000000' AS DateTime2), N'宅配到府', CAST(0.00 AS Numeric(38, 2)), CAST(350.00 AS Numeric(38, 2)), NULL, NULL)
INSERT [dbo].[orders] ([order_id], [user_id], [total_amount], [payment_method], [payment_status], [order_status], [recipient_at], [address], [phone], [shipped_at], [delivered_at], [received_at], [created_at], [updated_at], [paid_at], [completed_at], [DELIVERY_METHOD], [SHIPPING_FEE], [FINAL_AMOUNT], [COUPON_ID], [DISCOUNT]) VALUES (1044, 1, CAST(300.00 AS Numeric(38, 2)), N'貨到付款', N'未付款', N'已取消', N'陳總管理', N'建盛門市 (131386) - 新竹市東區建中一路52號1樓', N'0940777888', NULL, NULL, NULL, CAST(N'2025-11-29T15:30:00.0000000' AS DateTime2), CAST(N'2025-11-30T10:00:00.0000000' AS DateTime2), NULL, NULL, N'超商取貨', CAST(50.00 AS Numeric(38, 2)), CAST(350.00 AS Numeric(38, 2)), NULL, NULL)
INSERT [dbo].[orders] ([order_id], [user_id], [total_amount], [payment_method], [payment_status], [order_status], [recipient_at], [address], [phone], [shipped_at], [delivered_at], [received_at], [created_at], [updated_at], [paid_at], [completed_at], [DELIVERY_METHOD], [SHIPPING_FEE], [FINAL_AMOUNT], [COUPON_ID], [DISCOUNT]) VALUES (1045, 9, CAST(300.00 AS Numeric(38, 2)), N'信用卡', N'已付款', N'已完成', N'林光磊', N'花蓮縣吉安鄉中央路', N'0971554238', CAST(N'2025-12-02T13:00:00.0000000' AS DateTime2), CAST(N'2025-12-04T15:00:00.0000000' AS DateTime2), CAST(N'2025-12-04T20:00:00.0000000' AS DateTime2), CAST(N'2025-11-30T15:32:00.0000000' AS DateTime2), CAST(N'2025-12-04T20:10:00.0000000' AS DateTime2), CAST(N'2025-11-30T15:45:00.0000000' AS DateTime2), CAST(N'2025-12-04T20:00:00.0000000' AS DateTime2), N'宅配到府', CAST(50.00 AS Numeric(38, 2)), CAST(350.00 AS Numeric(38, 2)), NULL, NULL)
INSERT [dbo].[orders] ([order_id], [user_id], [total_amount], [payment_method], [payment_status], [order_status], [recipient_at], [address], [phone], [shipped_at], [delivered_at], [received_at], [created_at], [updated_at], [paid_at], [completed_at], [DELIVERY_METHOD], [SHIPPING_FEE], [FINAL_AMOUNT], [COUPON_ID], [DISCOUNT]) VALUES (1046, 3, CAST(300.00 AS Numeric(38, 2)), N'貨到付款', N'已付款', N'已完成', N'王黑名', N'北市杭州店 (2001) - 台北市大安區杭州南路二段５號', N'0910111222', CAST(N'2025-12-03T10:00:00.0000000' AS DateTime2), CAST(N'2025-12-05T09:00:00.0000000' AS DateTime2), CAST(N'2025-12-05T10:00:00.0000000' AS DateTime2), CAST(N'2025-12-02T15:33:00.0000000' AS DateTime2), CAST(N'2025-12-05T10:15:00.0000000' AS DateTime2), CAST(N'2025-12-05T10:00:00.0000000' AS DateTime2), CAST(N'2025-12-05T10:00:00.0000000' AS DateTime2), N'超商取貨', CAST(50.00 AS Numeric(38, 2)), CAST(350.00 AS Numeric(38, 2)), NULL, NULL)
INSERT [dbo].[orders] ([order_id], [user_id], [total_amount], [payment_method], [payment_status], [order_status], [recipient_at], [address], [phone], [shipped_at], [delivered_at], [received_at], [created_at], [updated_at], [paid_at], [completed_at], [DELIVERY_METHOD], [SHIPPING_FEE], [FINAL_AMOUNT], [COUPON_ID], [DISCOUNT]) VALUES (1047, 5, CAST(750.00 AS Numeric(38, 2)), N'貨到付款', N'未付款', N'已取消', N'李國豪', N'建盛門市 (131386) - 新竹市東區建中一路52號1樓', N'0000111245', NULL, NULL, NULL, CAST(N'2025-12-04T11:25:00.0000000' AS DateTime2), CAST(N'2025-12-05T11:25:00.0000000' AS DateTime2), NULL, NULL, N'超商取貨', CAST(0.00 AS Numeric(38, 2)), CAST(750.00 AS Numeric(38, 2)), NULL, NULL)
INSERT [dbo].[orders] ([order_id], [user_id], [total_amount], [payment_method], [payment_status], [order_status], [recipient_at], [address], [phone], [shipped_at], [delivered_at], [received_at], [created_at], [updated_at], [paid_at], [completed_at], [DELIVERY_METHOD], [SHIPPING_FEE], [FINAL_AMOUNT], [COUPON_ID], [DISCOUNT]) VALUES (1048, 10, CAST(350.00 AS Numeric(38, 2)), N'信用卡', N'已付款', N'已完成', N'趙後勤', N'台南市安平區後勤中心', N'0910111222', CAST(N'2025-12-05T09:00:00.0000000' AS DateTime2), CAST(N'2025-12-07T11:00:00.0000000' AS DateTime2), CAST(N'2025-12-07T16:00:00.0000000' AS DateTime2), CAST(N'2025-12-04T11:27:00.0000000' AS DateTime2), CAST(N'2025-12-07T16:15:00.0000000' AS DateTime2), CAST(N'2025-12-07T16:00:00.0000000' AS DateTime2), CAST(N'2025-12-07T16:00:00.0000000' AS DateTime2), N'宅配到府', CAST(0.00 AS Numeric(38, 2)), CAST(350.00 AS Numeric(38, 2)), NULL, NULL)
INSERT [dbo].[orders] ([order_id], [user_id], [total_amount], [payment_method], [payment_status], [order_status], [recipient_at], [address], [phone], [shipped_at], [delivered_at], [received_at], [created_at], [updated_at], [paid_at], [completed_at], [DELIVERY_METHOD], [SHIPPING_FEE], [FINAL_AMOUNT], [COUPON_ID], [DISCOUNT]) VALUES (1049, 7, CAST(700.00 AS Numeric(38, 2)), N'信用卡', N'已付款', N'已完成', N'許志明', N'台北市大安區復興南路', N'0940777888', CAST(N'2025-12-08T14:00:00.0000000' AS DateTime2), CAST(N'2025-12-10T15:00:00.0000000' AS DateTime2), CAST(N'2025-12-10T19:00:00.0000000' AS DateTime2), CAST(N'2025-12-06T11:50:00.0000000' AS DateTime2), CAST(N'2025-12-10T19:10:00.0000000' AS DateTime2), CAST(N'2025-12-06T12:05:00.0000000' AS DateTime2), CAST(N'2025-12-10T19:00:00.0000000' AS DateTime2), N'宅配到府', NULL, NULL, NULL, NULL)
INSERT [dbo].[orders] ([order_id], [user_id], [total_amount], [payment_method], [payment_status], [order_status], [recipient_at], [address], [phone], [shipped_at], [delivered_at], [received_at], [created_at], [updated_at], [paid_at], [completed_at], [DELIVERY_METHOD], [SHIPPING_FEE], [FINAL_AMOUNT], [COUPON_ID], [DISCOUNT]) VALUES (1050, 1, CAST(1000.00 AS Numeric(38, 2)), N'貨到付款', N'已付款', N'已完成', N'陳總管理', N'北市杭州店 (2001) - 台北市大安區杭州南路二段５號', N'0910111222', CAST(N'2025-12-09T10:00:00.0000000' AS DateTime2), CAST(N'2025-12-11T09:00:00.0000000' AS DateTime2), CAST(N'2025-12-11T11:52:00.0000000' AS DateTime2), CAST(N'2025-12-08T11:52:00.0000000' AS DateTime2), CAST(N'2025-12-11T12:00:00.0000000' AS DateTime2), CAST(N'2025-12-11T11:52:00.0000000' AS DateTime2), CAST(N'2025-12-11T11:52:00.0000000' AS DateTime2), N'超商取貨', CAST(0.00 AS Numeric(38, 2)), CAST(1000.00 AS Numeric(38, 2)), NULL, NULL)
INSERT [dbo].[orders] ([order_id], [user_id], [total_amount], [payment_method], [payment_status], [order_status], [recipient_at], [address], [phone], [shipped_at], [delivered_at], [received_at], [created_at], [updated_at], [paid_at], [completed_at], [DELIVERY_METHOD], [SHIPPING_FEE], [FINAL_AMOUNT], [COUPON_ID], [DISCOUNT]) VALUES (1051, 5, CAST(400.00 AS Numeric(38, 2)), N'信用卡', N'已付款', N'已完成', N'李國豪', N'台南市東區成功路', N'0918682711', CAST(N'2025-12-12T11:00:00.0000000' AS DateTime2), CAST(N'2025-12-14T14:00:00.0000000' AS DateTime2), CAST(N'2025-12-14T18:00:00.0000000' AS DateTime2), CAST(N'2025-12-10T13:41:00.0000000' AS DateTime2), CAST(N'2025-12-14T18:15:00.0000000' AS DateTime2), CAST(N'2025-12-10T13:55:00.0000000' AS DateTime2), CAST(N'2025-12-14T18:00:00.0000000' AS DateTime2), N'宅配到府', CAST(50.00 AS Numeric(38, 2)), CAST(450.00 AS Numeric(38, 2)), NULL, NULL)
INSERT [dbo].[orders] ([order_id], [user_id], [total_amount], [payment_method], [payment_status], [order_status], [recipient_at], [address], [phone], [shipped_at], [delivered_at], [received_at], [created_at], [updated_at], [paid_at], [completed_at], [DELIVERY_METHOD], [SHIPPING_FEE], [FINAL_AMOUNT], [COUPON_ID], [DISCOUNT]) VALUES (1052, 2, CAST(400.00 AS Numeric(38, 2)), N'貨到付款', N'已付款', N'已完成', N'李國豪', N'建盛門市 (131386) - 新竹市東區建中一路52號1樓', N'0910111222', CAST(N'2025-12-13T11:00:00.0000000' AS DateTime2), CAST(N'2025-12-15T10:00:00.0000000' AS DateTime2), CAST(N'2025-12-15T14:30:00.0000000' AS DateTime2), CAST(N'2025-12-12T14:30:00.0000000' AS DateTime2), CAST(N'2025-12-15T14:40:00.0000000' AS DateTime2), CAST(N'2025-12-15T14:30:00.0000000' AS DateTime2), CAST(N'2025-12-15T14:30:00.0000000' AS DateTime2), N'宅配到府', CAST(50.00 AS Numeric(38, 2)), CAST(450.00 AS Numeric(38, 2)), NULL, NULL)
INSERT [dbo].[orders] ([order_id], [user_id], [total_amount], [payment_method], [payment_status], [order_status], [recipient_at], [address], [phone], [shipped_at], [delivered_at], [received_at], [created_at], [updated_at], [paid_at], [completed_at], [DELIVERY_METHOD], [SHIPPING_FEE], [FINAL_AMOUNT], [COUPON_ID], [DISCOUNT]) VALUES (1053, 4, CAST(1100.00 AS Numeric(38, 2)), N'信用卡', N'已付款', N'已完成', N'林佳儀', N'台中市西屯區逢甲路', N'0918682711', CAST(N'2025-12-17T15:00:00.0000000' AS DateTime2), CAST(N'2025-12-19T10:00:00.0000000' AS DateTime2), CAST(N'2025-12-19T12:00:00.0000000' AS DateTime2), CAST(N'2025-12-15T14:39:00.0000000' AS DateTime2), CAST(N'2025-12-19T12:10:00.0000000' AS DateTime2), CAST(N'2025-12-15T14:55:00.0000000' AS DateTime2), CAST(N'2025-12-19T12:00:00.0000000' AS DateTime2), N'宅配到府', CAST(0.00 AS Numeric(38, 2)), CAST(1100.00 AS Numeric(38, 2)), NULL, NULL)
INSERT [dbo].[orders] ([order_id], [user_id], [total_amount], [payment_method], [payment_status], [order_status], [recipient_at], [address], [phone], [shipped_at], [delivered_at], [received_at], [created_at], [updated_at], [paid_at], [completed_at], [DELIVERY_METHOD], [SHIPPING_FEE], [FINAL_AMOUNT], [COUPON_ID], [DISCOUNT]) VALUES (1054, 9, CAST(400.00 AS Numeric(38, 2)), N'信用卡', N'已付款', N'已完成', N'張雅雯', N'花蓮縣吉安鄉中央路', N'0940777888', CAST(N'2025-12-19T14:00:00.0000000' AS DateTime2), CAST(N'2025-12-21T11:00:00.0000000' AS DateTime2), CAST(N'2025-12-21T16:00:00.0000000' AS DateTime2), CAST(N'2025-12-17T15:00:00.0000000' AS DateTime2), CAST(N'2025-12-21T16:15:00.0000000' AS DateTime2), CAST(N'2025-12-17T15:20:00.0000000' AS DateTime2), CAST(N'2025-12-21T16:00:00.0000000' AS DateTime2), N'宅配到府', CAST(50.00 AS Numeric(38, 2)), CAST(450.00 AS Numeric(38, 2)), NULL, NULL)
INSERT [dbo].[orders] ([order_id], [user_id], [total_amount], [payment_method], [payment_status], [order_status], [recipient_at], [address], [phone], [shipped_at], [delivered_at], [received_at], [created_at], [updated_at], [paid_at], [completed_at], [DELIVERY_METHOD], [SHIPPING_FEE], [FINAL_AMOUNT], [COUPON_ID], [DISCOUNT]) VALUES (1055, 7, CAST(350.00 AS Numeric(38, 2)), N'信用卡', N'已付款', N'已完成', N'林光磊', N'台北市大安區復興南路', N'0918682711', CAST(N'2025-12-21T11:00:00.0000000' AS DateTime2), CAST(N'2025-12-23T14:00:00.0000000' AS DateTime2), CAST(N'2025-12-23T18:00:00.0000000' AS DateTime2), CAST(N'2025-12-19T15:03:00.0000000' AS DateTime2), CAST(N'2025-12-23T18:15:00.0000000' AS DateTime2), CAST(N'2025-12-19T15:15:00.0000000' AS DateTime2), CAST(N'2025-12-23T18:00:00.0000000' AS DateTime2), N'宅配到府', CAST(50.00 AS Numeric(38, 2)), CAST(400.00 AS Numeric(38, 2)), NULL, NULL)
INSERT [dbo].[orders] ([order_id], [user_id], [total_amount], [payment_method], [payment_status], [order_status], [recipient_at], [address], [phone], [shipped_at], [delivered_at], [received_at], [created_at], [updated_at], [paid_at], [completed_at], [DELIVERY_METHOD], [SHIPPING_FEE], [FINAL_AMOUNT], [COUPON_ID], [DISCOUNT]) VALUES (1056, 5, CAST(1631.00 AS Numeric(38, 2)), N'信用卡', N'已付款', N'已完成', N'許志明', N'台南市東區成功路', N'0918682711', CAST(N'2025-12-23T10:00:00.0000000' AS DateTime2), CAST(N'2025-12-25T11:00:00.0000000' AS DateTime2), CAST(N'2025-12-25T15:00:00.0000000' AS DateTime2), CAST(N'2025-12-21T09:07:00.0000000' AS DateTime2), CAST(N'2025-12-25T15:10:00.0000000' AS DateTime2), CAST(N'2025-12-21T09:20:00.0000000' AS DateTime2), CAST(N'2025-12-25T15:00:00.0000000' AS DateTime2), N'宅配到府', CAST(0.00 AS Numeric(38, 2)), CAST(1631.00 AS Numeric(38, 2)), NULL, NULL)
INSERT [dbo].[orders] ([order_id], [user_id], [total_amount], [payment_method], [payment_status], [order_status], [recipient_at], [address], [phone], [shipped_at], [delivered_at], [received_at], [created_at], [updated_at], [paid_at], [completed_at], [DELIVERY_METHOD], [SHIPPING_FEE], [FINAL_AMOUNT], [COUPON_ID], [DISCOUNT]) VALUES (1057, 4, CAST(300.00 AS Numeric(38, 2)), N'信用卡', N'已付款', N'已完成', N'李國豪', N'台中市西屯區逢甲路', N'0918682711', CAST(N'2025-12-24T11:00:00.0000000' AS DateTime2), CAST(N'2025-12-26T14:00:00.0000000' AS DateTime2), CAST(N'2025-12-26T18:00:00.0000000' AS DateTime2), CAST(N'2025-12-22T09:13:00.0000000' AS DateTime2), CAST(N'2025-12-26T18:15:00.0000000' AS DateTime2), CAST(N'2025-12-22T09:30:00.0000000' AS DateTime2), CAST(N'2025-12-26T18:00:00.0000000' AS DateTime2), N'宅配到府', CAST(50.00 AS Numeric(38, 2)), CAST(350.00 AS Numeric(38, 2)), NULL, NULL)
INSERT [dbo].[orders] ([order_id], [user_id], [total_amount], [payment_method], [payment_status], [order_status], [recipient_at], [address], [phone], [shipped_at], [delivered_at], [received_at], [created_at], [updated_at], [paid_at], [completed_at], [DELIVERY_METHOD], [SHIPPING_FEE], [FINAL_AMOUNT], [COUPON_ID], [DISCOUNT]) VALUES (1058, 8, CAST(350.00 AS Numeric(38, 2)), N'信用卡', N'已付款', N'已取消', N'張雅雯', N'高雄市苓雅區光華路', N'0918682711', NULL, NULL, NULL, CAST(N'2025-12-23T11:12:00.0000000' AS DateTime2), CAST(N'2025-12-24T10:00:00.0000000' AS DateTime2), CAST(N'2025-12-23T11:30:00.0000000' AS DateTime2), NULL, N'宅配到府', CAST(50.00 AS Numeric(38, 2)), CAST(400.00 AS Numeric(38, 2)), NULL, NULL)
INSERT [dbo].[orders] ([order_id], [user_id], [total_amount], [payment_method], [payment_status], [order_status], [recipient_at], [address], [phone], [shipped_at], [delivered_at], [received_at], [created_at], [updated_at], [paid_at], [completed_at], [DELIVERY_METHOD], [SHIPPING_FEE], [FINAL_AMOUNT], [COUPON_ID], [DISCOUNT]) VALUES (1059, 9, CAST(650.00 AS Numeric(38, 2)), N'信用卡', N'已付款', N'已完成', N'張雅雯', N'台中市西屯區逢甲路', N'0940777888', CAST(N'2025-12-25T15:00:00.0000000' AS DateTime2), CAST(N'2025-12-27T10:00:00.0000000' AS DateTime2), CAST(N'2025-12-27T12:00:00.0000000' AS DateTime2), CAST(N'2025-12-23T13:33:00.0000000' AS DateTime2), CAST(N'2025-12-27T12:10:00.0000000' AS DateTime2), CAST(N'2025-12-23T13:50:00.0000000' AS DateTime2), CAST(N'2025-12-27T12:00:00.0000000' AS DateTime2), N'宅配到府', CAST(50.00 AS Numeric(38, 2)), CAST(700.00 AS Numeric(38, 2)), NULL, NULL)
INSERT [dbo].[orders] ([order_id], [user_id], [total_amount], [payment_method], [payment_status], [order_status], [recipient_at], [address], [phone], [shipped_at], [delivered_at], [received_at], [created_at], [updated_at], [paid_at], [completed_at], [DELIVERY_METHOD], [SHIPPING_FEE], [FINAL_AMOUNT], [COUPON_ID], [DISCOUNT]) VALUES (1060, 2, CAST(700.00 AS Numeric(38, 2)), N'信用卡', N'已付款', N'已完成', N'周小敏', N'桃園市中壢區中大路1號', N'0918682711', CAST(N'2025-12-26T10:00:00.0000000' AS DateTime2), CAST(N'2025-12-28T11:00:00.0000000' AS DateTime2), CAST(N'2025-12-28T16:00:00.0000000' AS DateTime2), CAST(N'2025-12-24T09:10:00.0000000' AS DateTime2), CAST(N'2025-12-28T16:15:00.0000000' AS DateTime2), CAST(N'2025-12-24T09:25:00.0000000' AS DateTime2), CAST(N'2025-12-28T16:00:00.0000000' AS DateTime2), N'宅配到府', CAST(50.00 AS Numeric(38, 2)), CAST(700.00 AS Numeric(38, 2)), NULL, CAST(50.00 AS Numeric(38, 2)))
INSERT [dbo].[orders] ([order_id], [user_id], [total_amount], [payment_method], [payment_status], [order_status], [recipient_at], [address], [phone], [shipped_at], [delivered_at], [received_at], [created_at], [updated_at], [paid_at], [completed_at], [DELIVERY_METHOD], [SHIPPING_FEE], [FINAL_AMOUNT], [COUPON_ID], [DISCOUNT]) VALUES (1061, 1, CAST(350.00 AS Numeric(38, 2)), N'信用卡', N'已付款', N'已完成', N'林光磊', N'台北市信義區管理中心', N'0918682711', CAST(N'2025-12-27T14:00:00.0000000' AS DateTime2), CAST(N'2025-12-29T15:00:00.0000000' AS DateTime2), CAST(N'2025-12-29T19:00:00.0000000' AS DateTime2), CAST(N'2025-12-25T10:58:00.0000000' AS DateTime2), CAST(N'2025-12-29T19:10:00.0000000' AS DateTime2), CAST(N'2025-12-25T11:15:00.0000000' AS DateTime2), CAST(N'2025-12-29T19:00:00.0000000' AS DateTime2), N'宅配到府', CAST(50.00 AS Numeric(38, 2)), CAST(400.00 AS Numeric(38, 2)), NULL, NULL)
INSERT [dbo].[orders] ([order_id], [user_id], [total_amount], [payment_method], [payment_status], [order_status], [recipient_at], [address], [phone], [shipped_at], [delivered_at], [received_at], [created_at], [updated_at], [paid_at], [completed_at], [DELIVERY_METHOD], [SHIPPING_FEE], [FINAL_AMOUNT], [COUPON_ID], [DISCOUNT]) VALUES (1062, 4, CAST(350.00 AS Numeric(38, 2)), N'貨到付款', N'未付款', N'已完成', N'林佳儀', N'北市杭州店 (2001) - 台北市大安區杭州南路二段５號', N'0918682711', CAST(N'2025-12-27T10:00:00.0000000' AS DateTime2), CAST(N'2025-12-29T09:00:00.0000000' AS DateTime2), CAST(N'2025-12-29T10:00:00.0000000' AS DateTime2), CAST(N'2025-12-26T14:16:00.0000000' AS DateTime2), CAST(N'2025-12-29T10:15:00.0000000' AS DateTime2), CAST(N'2025-12-29T10:00:00.0000000' AS DateTime2), CAST(N'2025-12-29T10:00:00.0000000' AS DateTime2), N'超商取貨', CAST(0.00 AS Numeric(38, 2)), CAST(350.00 AS Numeric(38, 2)), NULL, NULL)
INSERT [dbo].[orders] ([order_id], [user_id], [total_amount], [payment_method], [payment_status], [order_status], [recipient_at], [address], [phone], [shipped_at], [delivered_at], [received_at], [created_at], [updated_at], [paid_at], [completed_at], [DELIVERY_METHOD], [SHIPPING_FEE], [FINAL_AMOUNT], [COUPON_ID], [DISCOUNT]) VALUES (1063, 5, CAST(300.00 AS Numeric(38, 2)), N'信用卡', N'已付款', N'已完成', N'陳總管理', N'北市杭州店 (2001) - 台北市大安區杭州南路二段５號', N'0939554778', CAST(N'2025-12-29T11:00:00.0000000' AS DateTime2), CAST(N'2025-12-31T14:00:00.0000000' AS DateTime2), CAST(N'2025-12-31T18:00:00.0000000' AS DateTime2), CAST(N'2025-12-27T14:29:00.0000000' AS DateTime2), CAST(N'2025-12-31T18:15:00.0000000' AS DateTime2), CAST(N'2025-12-27T14:45:00.0000000' AS DateTime2), CAST(N'2025-12-31T18:00:00.0000000' AS DateTime2), N'超商取貨', CAST(50.00 AS Numeric(38, 2)), CAST(350.00 AS Numeric(38, 2)), NULL, NULL)
INSERT [dbo].[orders] ([order_id], [user_id], [total_amount], [payment_method], [payment_status], [order_status], [recipient_at], [address], [phone], [shipped_at], [delivered_at], [received_at], [created_at], [updated_at], [paid_at], [completed_at], [DELIVERY_METHOD], [SHIPPING_FEE], [FINAL_AMOUNT], [COUPON_ID], [DISCOUNT]) VALUES (1064, 6, CAST(300.00 AS Numeric(38, 2)), N'信用卡', N'已付款', N'已完成', N'張雅雯', N'建盛門市 (131386) - 新竹市東區建中一路52號1樓', N'0918682711', CAST(N'2025-12-30T15:00:00.0000000' AS DateTime2), CAST(N'2026-01-01T10:00:00.0000000' AS DateTime2), CAST(N'2026-01-01T12:00:00.0000000' AS DateTime2), CAST(N'2025-12-28T14:37:00.0000000' AS DateTime2), CAST(N'2026-01-01T12:10:00.0000000' AS DateTime2), CAST(N'2025-12-28T14:55:00.0000000' AS DateTime2), CAST(N'2026-01-01T12:00:00.0000000' AS DateTime2), N'超商取貨', CAST(50.00 AS Numeric(38, 2)), CAST(350.00 AS Numeric(38, 2)), NULL, NULL)
INSERT [dbo].[orders] ([order_id], [user_id], [total_amount], [payment_method], [payment_status], [order_status], [recipient_at], [address], [phone], [shipped_at], [delivered_at], [received_at], [created_at], [updated_at], [paid_at], [completed_at], [DELIVERY_METHOD], [SHIPPING_FEE], [FINAL_AMOUNT], [COUPON_ID], [DISCOUNT]) VALUES (1065, 8, CAST(300.00 AS Numeric(38, 2)), N'貨到付款', N'未付款', N'已完成', N'李國豪', N'北市杭州店 (2001) - 台北市大安區杭州南路二段５號', N'0939554778', CAST(N'2025-12-30T10:00:00.0000000' AS DateTime2), CAST(N'2026-01-01T09:00:00.0000000' AS DateTime2), CAST(N'2026-01-01T11:00:00.0000000' AS DateTime2), CAST(N'2025-12-29T14:51:00.0000000' AS DateTime2), CAST(N'2026-01-01T11:15:00.0000000' AS DateTime2), CAST(N'2026-01-01T11:00:00.0000000' AS DateTime2), CAST(N'2026-01-01T11:00:00.0000000' AS DateTime2), N'超商取貨', CAST(50.00 AS Numeric(38, 2)), CAST(350.00 AS Numeric(38, 2)), NULL, NULL)
INSERT [dbo].[orders] ([order_id], [user_id], [total_amount], [payment_method], [payment_status], [order_status], [recipient_at], [address], [phone], [shipped_at], [delivered_at], [received_at], [created_at], [updated_at], [paid_at], [completed_at], [DELIVERY_METHOD], [SHIPPING_FEE], [FINAL_AMOUNT], [COUPON_ID], [DISCOUNT]) VALUES (1066, 10, CAST(350.00 AS Numeric(38, 2)), N'信用卡', N'已付款', N'已取消', N'鄭宜靜', N'建盛門市 (131386) - 新竹市東區建中一路52號1樓', N'0918682711', NULL, NULL, NULL, CAST(N'2025-12-30T14:55:00.0000000' AS DateTime2), CAST(N'2025-12-31T10:00:00.0000000' AS DateTime2), CAST(N'2025-12-30T15:10:00.0000000' AS DateTime2), NULL, N'超商取貨', CAST(0.00 AS Numeric(38, 2)), CAST(350.00 AS Numeric(38, 2)), NULL, NULL)
INSERT [dbo].[orders] ([order_id], [user_id], [total_amount], [payment_method], [payment_status], [order_status], [recipient_at], [address], [phone], [shipped_at], [delivered_at], [received_at], [created_at], [updated_at], [paid_at], [completed_at], [DELIVERY_METHOD], [SHIPPING_FEE], [FINAL_AMOUNT], [COUPON_ID], [DISCOUNT]) VALUES (1067, 1, CAST(350.00 AS Numeric(38, 2)), N'信用卡', N'已付款', N'已取消', N'周小敏', N'建盛門市 (131386) - 新竹市東區建中一路52號1樓', N'0939554778', CAST(N'2026-01-03T14:00:00.0000000' AS DateTime2), CAST(N'2026-01-05T11:00:00.0000000' AS DateTime2), CAST(N'2026-01-05T16:00:00.0000000' AS DateTime2), CAST(N'2026-01-01T15:04:00.0000000' AS DateTime2), CAST(N'2026-01-31T11:30:40.6120000' AS DateTime2), CAST(N'2026-01-01T15:20:00.0000000' AS DateTime2), CAST(N'2026-01-05T16:00:00.0000000' AS DateTime2), N'超商取貨', CAST(0.00 AS Numeric(38, 2)), CAST(350.00 AS Numeric(38, 2)), NULL, NULL)
INSERT [dbo].[orders] ([order_id], [user_id], [total_amount], [payment_method], [payment_status], [order_status], [recipient_at], [address], [phone], [shipped_at], [delivered_at], [received_at], [created_at], [updated_at], [paid_at], [completed_at], [DELIVERY_METHOD], [SHIPPING_FEE], [FINAL_AMOUNT], [COUPON_ID], [DISCOUNT]) VALUES (1068, 2, CAST(350.00 AS Numeric(38, 2)), N'信用卡', N'已付款', N'已完成', N'趙後勤', N'台醫店 (006598) - 台北市中正區中山南路７號１樓', N'0918682711', CAST(N'2026-01-04T11:00:00.0000000' AS DateTime2), CAST(N'2026-01-06T14:00:00.0000000' AS DateTime2), CAST(N'2026-01-06T18:00:00.0000000' AS DateTime2), CAST(N'2026-01-02T15:12:00.0000000' AS DateTime2), CAST(N'2026-01-06T18:15:00.0000000' AS DateTime2), CAST(N'2026-01-02T15:30:00.0000000' AS DateTime2), CAST(N'2026-01-06T18:00:00.0000000' AS DateTime2), N'超商取貨', CAST(0.00 AS Numeric(38, 2)), CAST(350.00 AS Numeric(38, 2)), NULL, NULL)
INSERT [dbo].[orders] ([order_id], [user_id], [total_amount], [payment_method], [payment_status], [order_status], [recipient_at], [address], [phone], [shipped_at], [delivered_at], [received_at], [created_at], [updated_at], [paid_at], [completed_at], [DELIVERY_METHOD], [SHIPPING_FEE], [FINAL_AMOUNT], [COUPON_ID], [DISCOUNT]) VALUES (1069, 4, CAST(1250.00 AS Numeric(38, 2)), N'信用卡', N'已付款', N'已完成', N'陳總管理', N'建盛門市 (131386) - 新竹市東區建中一路52號1樓', N'0918682711', CAST(N'2026-01-05T15:00:00.0000000' AS DateTime2), CAST(N'2026-01-07T10:00:00.0000000' AS DateTime2), CAST(N'2026-01-07T12:00:00.0000000' AS DateTime2), CAST(N'2026-01-03T15:19:00.0000000' AS DateTime2), CAST(N'2026-01-13T11:40:56.8380000' AS DateTime2), CAST(N'2026-01-03T15:40:00.0000000' AS DateTime2), CAST(N'2026-01-07T12:00:00.0000000' AS DateTime2), N'超商取貨', CAST(0.00 AS Numeric(38, 2)), CAST(1240.00 AS Numeric(38, 2)), 7, CAST(10.00 AS Numeric(38, 2)))
INSERT [dbo].[orders] ([order_id], [user_id], [total_amount], [payment_method], [payment_status], [order_status], [recipient_at], [address], [phone], [shipped_at], [delivered_at], [received_at], [created_at], [updated_at], [paid_at], [completed_at], [DELIVERY_METHOD], [SHIPPING_FEE], [FINAL_AMOUNT], [COUPON_ID], [DISCOUNT]) VALUES (1070, 7, CAST(1231.00 AS Numeric(38, 2)), N'信用卡', N'已付款', N'已完成', N'林佳儀', N'北市杭州店 (2001) - 台北市大安區杭州南路二段５號', N'0990707808', CAST(N'2026-01-06T14:00:00.0000000' AS DateTime2), CAST(N'2026-01-08T11:00:00.0000000' AS DateTime2), CAST(N'2026-01-08T16:00:00.0000000' AS DateTime2), CAST(N'2026-01-04T15:24:00.0000000' AS DateTime2), CAST(N'2026-01-08T16:15:00.0000000' AS DateTime2), CAST(N'2026-01-04T15:45:00.0000000' AS DateTime2), CAST(N'2026-01-08T16:00:00.0000000' AS DateTime2), N'超商取貨', CAST(0.00 AS Numeric(38, 2)), CAST(1231.00 AS Numeric(38, 2)), NULL, NULL)
INSERT [dbo].[orders] ([order_id], [user_id], [total_amount], [payment_method], [payment_status], [order_status], [recipient_at], [address], [phone], [shipped_at], [delivered_at], [received_at], [created_at], [updated_at], [paid_at], [completed_at], [DELIVERY_METHOD], [SHIPPING_FEE], [FINAL_AMOUNT], [COUPON_ID], [DISCOUNT]) VALUES (1071, 5, CAST(1231.00 AS Numeric(38, 2)), N'貨到付款', N'已付款', N'已完成', N'張雅雯', N'澎湖百利店 (017623) - 澎湖縣馬公市新店路４５９號一樓', N'0918682711', CAST(N'2026-01-06T11:00:00.0000000' AS DateTime2), CAST(N'2026-01-08T10:00:00.0000000' AS DateTime2), CAST(N'2026-01-08T14:00:00.0000000' AS DateTime2), CAST(N'2026-01-05T15:35:00.0000000' AS DateTime2), CAST(N'2026-01-08T14:15:00.0000000' AS DateTime2), CAST(N'2026-01-08T14:00:00.0000000' AS DateTime2), CAST(N'2026-01-08T14:00:00.0000000' AS DateTime2), N'超商取貨', CAST(0.00 AS Numeric(38, 2)), CAST(1231.00 AS Numeric(38, 2)), NULL, NULL)
INSERT [dbo].[orders] ([order_id], [user_id], [total_amount], [payment_method], [payment_status], [order_status], [recipient_at], [address], [phone], [shipped_at], [delivered_at], [received_at], [created_at], [updated_at], [paid_at], [completed_at], [DELIVERY_METHOD], [SHIPPING_FEE], [FINAL_AMOUNT], [COUPON_ID], [DISCOUNT]) VALUES (1072, 8, CAST(350.00 AS Numeric(38, 2)), N'貨到付款', N'已付款', N'已完成', N'許志明', N'建盛門市 (131386) - 新竹市東區建中一路52號1樓', N'0990707808', CAST(N'2026-01-07T13:00:00.0000000' AS DateTime2), CAST(N'2026-01-09T11:00:00.0000000' AS DateTime2), CAST(N'2026-01-09T15:00:00.0000000' AS DateTime2), CAST(N'2026-01-06T15:42:00.0000000' AS DateTime2), CAST(N'2026-01-09T15:15:00.0000000' AS DateTime2), CAST(N'2026-01-09T15:00:00.0000000' AS DateTime2), CAST(N'2026-01-09T15:00:00.0000000' AS DateTime2), N'超商取貨', CAST(0.00 AS Numeric(38, 2)), CAST(350.00 AS Numeric(38, 2)), NULL, NULL)
INSERT [dbo].[orders] ([order_id], [user_id], [total_amount], [payment_method], [payment_status], [order_status], [recipient_at], [address], [phone], [shipped_at], [delivered_at], [received_at], [created_at], [updated_at], [paid_at], [completed_at], [DELIVERY_METHOD], [SHIPPING_FEE], [FINAL_AMOUNT], [COUPON_ID], [DISCOUNT]) VALUES (1073, 9, CAST(350.00 AS Numeric(38, 2)), N'貨到付款', N'已付款', N'已完成', N'李國豪', N'建盛門市 (131386) - 新竹市東區建中一路52號1樓', N'0918682711', CAST(N'2026-01-08T14:00:00.0000000' AS DateTime2), CAST(N'2026-01-10T12:00:00.0000000' AS DateTime2), CAST(N'2026-01-10T16:00:00.0000000' AS DateTime2), CAST(N'2026-01-07T15:44:00.0000000' AS DateTime2), CAST(N'2026-01-10T16:15:00.0000000' AS DateTime2), CAST(N'2026-01-10T16:00:00.0000000' AS DateTime2), CAST(N'2026-01-10T16:00:00.0000000' AS DateTime2), N'超商取貨', CAST(0.00 AS Numeric(38, 2)), CAST(350.00 AS Numeric(38, 2)), NULL, NULL)
INSERT [dbo].[orders] ([order_id], [user_id], [total_amount], [payment_method], [payment_status], [order_status], [recipient_at], [address], [phone], [shipped_at], [delivered_at], [received_at], [created_at], [updated_at], [paid_at], [completed_at], [DELIVERY_METHOD], [SHIPPING_FEE], [FINAL_AMOUNT], [COUPON_ID], [DISCOUNT]) VALUES (1074, 4, CAST(350.00 AS Numeric(38, 2)), N'信用卡', N'已付款', N'已完成', N'周小敏', N'建盛門市 (131386) - 新竹市東區建中一路52號1樓', N'0918682711', CAST(N'2026-01-10T10:00:00.0000000' AS DateTime2), CAST(N'2026-01-12T09:00:00.0000000' AS DateTime2), CAST(N'2026-01-12T14:00:00.0000000' AS DateTime2), CAST(N'2026-01-08T16:02:00.0000000' AS DateTime2), CAST(N'2026-01-12T14:15:00.0000000' AS DateTime2), CAST(N'2026-01-08T16:15:00.0000000' AS DateTime2), CAST(N'2026-01-12T14:00:00.0000000' AS DateTime2), N'超商取貨', CAST(0.00 AS Numeric(38, 2)), CAST(350.00 AS Numeric(38, 2)), NULL, NULL)
INSERT [dbo].[orders] ([order_id], [user_id], [total_amount], [payment_method], [payment_status], [order_status], [recipient_at], [address], [phone], [shipped_at], [delivered_at], [received_at], [created_at], [updated_at], [paid_at], [completed_at], [DELIVERY_METHOD], [SHIPPING_FEE], [FINAL_AMOUNT], [COUPON_ID], [DISCOUNT]) VALUES (1075, 1, CAST(350.00 AS Numeric(38, 2)), N'貨到付款', N'已付款', N'已完成', N'林光磊', N'建盛門市 (131386) - 新竹市東區建中一路52號1樓', N'0918682711', CAST(N'2026-01-10T15:00:00.0000000' AS DateTime2), CAST(N'2026-01-12T13:00:00.0000000' AS DateTime2), CAST(N'2026-01-12T17:00:00.0000000' AS DateTime2), CAST(N'2026-01-09T16:14:00.0000000' AS DateTime2), CAST(N'2026-01-12T17:15:00.0000000' AS DateTime2), CAST(N'2026-01-12T17:00:00.0000000' AS DateTime2), CAST(N'2026-01-12T17:00:00.0000000' AS DateTime2), N'超商取貨', CAST(0.00 AS Numeric(38, 2)), CAST(350.00 AS Numeric(38, 2)), NULL, NULL)
INSERT [dbo].[orders] ([order_id], [user_id], [total_amount], [payment_method], [payment_status], [order_status], [recipient_at], [address], [phone], [shipped_at], [delivered_at], [received_at], [created_at], [updated_at], [paid_at], [completed_at], [DELIVERY_METHOD], [SHIPPING_FEE], [FINAL_AMOUNT], [COUPON_ID], [DISCOUNT]) VALUES (1076, 10, CAST(350.00 AS Numeric(38, 2)), N'信用卡', N'已付款', N'已完成', N'張雅雯', N'台醫店 (006598) - 台北市中正區中山南路７號１樓', N'0918682711', CAST(N'2026-01-12T11:00:00.0000000' AS DateTime2), CAST(N'2026-01-14T14:00:00.0000000' AS DateTime2), CAST(N'2026-01-14T18:00:00.0000000' AS DateTime2), CAST(N'2026-01-10T16:16:00.0000000' AS DateTime2), CAST(N'2026-01-14T18:15:00.0000000' AS DateTime2), CAST(N'2026-01-10T16:30:00.0000000' AS DateTime2), CAST(N'2026-01-14T18:00:00.0000000' AS DateTime2), N'超商取貨', CAST(0.00 AS Numeric(38, 2)), CAST(350.00 AS Numeric(38, 2)), NULL, NULL)
INSERT [dbo].[orders] ([order_id], [user_id], [total_amount], [payment_method], [payment_status], [order_status], [recipient_at], [address], [phone], [shipped_at], [delivered_at], [received_at], [created_at], [updated_at], [paid_at], [completed_at], [DELIVERY_METHOD], [SHIPPING_FEE], [FINAL_AMOUNT], [COUPON_ID], [DISCOUNT]) VALUES (1077, 5, CAST(350.00 AS Numeric(38, 2)), N'信用卡', N'已付款', N'已取消', N'陳總管理', N'建盛門市 (131386) - 新竹市東區建中一路52號1樓', N'0939554778', NULL, NULL, NULL, CAST(N'2026-01-12T16:21:00.0000000' AS DateTime2), CAST(N'2026-01-13T10:00:00.0000000' AS DateTime2), CAST(N'2026-01-12T16:35:00.0000000' AS DateTime2), NULL, N'超商取貨', CAST(0.00 AS Numeric(38, 2)), CAST(350.00 AS Numeric(38, 2)), NULL, NULL)
INSERT [dbo].[orders] ([order_id], [user_id], [total_amount], [payment_method], [payment_status], [order_status], [recipient_at], [address], [phone], [shipped_at], [delivered_at], [received_at], [created_at], [updated_at], [paid_at], [completed_at], [DELIVERY_METHOD], [SHIPPING_FEE], [FINAL_AMOUNT], [COUPON_ID], [DISCOUNT]) VALUES (1078, 8, CAST(350.00 AS Numeric(38, 2)), N'信用卡', N'已付款', N'已完成', N'趙後勤', N'北市杭州店 (2001) - 台北市大安區杭州南路二段５號', N'0918682711', CAST(N'2026-01-15T15:00:00.0000000' AS DateTime2), CAST(N'2026-01-17T10:00:00.0000000' AS DateTime2), CAST(N'2026-01-17T12:00:00.0000000' AS DateTime2), CAST(N'2026-01-13T16:28:00.0000000' AS DateTime2), CAST(N'2026-01-17T12:10:00.0000000' AS DateTime2), CAST(N'2026-01-13T16:45:00.0000000' AS DateTime2), CAST(N'2026-01-17T12:00:00.0000000' AS DateTime2), N'超商取貨', CAST(0.00 AS Numeric(38, 2)), CAST(350.00 AS Numeric(38, 2)), NULL, NULL)
INSERT [dbo].[orders] ([order_id], [user_id], [total_amount], [payment_method], [payment_status], [order_status], [recipient_at], [address], [phone], [shipped_at], [delivered_at], [received_at], [created_at], [updated_at], [paid_at], [completed_at], [DELIVERY_METHOD], [SHIPPING_FEE], [FINAL_AMOUNT], [COUPON_ID], [DISCOUNT]) VALUES (1079, 4, CAST(1231.00 AS Numeric(38, 2)), N'信用卡', N'已付款', N'已完成', N'李國豪', N'建盛門市 (131386) - 新竹市東區建中一路52號1樓', N'0918682711', CAST(N'2026-01-16T14:00:00.0000000' AS DateTime2), CAST(N'2026-01-18T11:00:00.0000000' AS DateTime2), CAST(N'2026-01-18T16:00:00.0000000' AS DateTime2), CAST(N'2026-01-14T16:37:00.0000000' AS DateTime2), CAST(N'2026-01-18T16:15:00.0000000' AS DateTime2), CAST(N'2026-01-14T16:55:00.0000000' AS DateTime2), CAST(N'2026-01-18T16:00:00.0000000' AS DateTime2), N'超商取貨', CAST(0.00 AS Numeric(38, 2)), CAST(1231.00 AS Numeric(38, 2)), NULL, NULL)
INSERT [dbo].[orders] ([order_id], [user_id], [total_amount], [payment_method], [payment_status], [order_status], [recipient_at], [address], [phone], [shipped_at], [delivered_at], [received_at], [created_at], [updated_at], [paid_at], [completed_at], [DELIVERY_METHOD], [SHIPPING_FEE], [FINAL_AMOUNT], [COUPON_ID], [DISCOUNT]) VALUES (1080, 6, CAST(450.00 AS Numeric(38, 2)), N'信用卡', N'已付款', N'已完成', N'周小敏', N'台醫店 (006598) - 台北市中正區中山南路７號１樓', N'0918682711', CAST(N'2026-01-16T10:00:00.0000000' AS DateTime2), CAST(N'2026-01-18T09:00:00.0000000' AS DateTime2), CAST(N'2026-01-18T14:00:00.0000000' AS DateTime2), CAST(N'2026-01-15T09:14:00.0000000' AS DateTime2), CAST(N'2026-01-18T14:15:00.0000000' AS DateTime2), CAST(N'2026-01-18T14:00:00.0000000' AS DateTime2), CAST(N'2026-01-18T14:00:00.0000000' AS DateTime2), N'超商取貨', CAST(0.00 AS Numeric(38, 2)), CAST(450.00 AS Numeric(38, 2)), NULL, NULL)
INSERT [dbo].[orders] ([order_id], [user_id], [total_amount], [payment_method], [payment_status], [order_status], [recipient_at], [address], [phone], [shipped_at], [delivered_at], [received_at], [created_at], [updated_at], [paid_at], [completed_at], [DELIVERY_METHOD], [SHIPPING_FEE], [FINAL_AMOUNT], [COUPON_ID], [DISCOUNT]) VALUES (1081, 7, CAST(450.00 AS Numeric(38, 2)), N'貨到付款', N'未付款', N'已取消', N'張雅雯', N'建盛門市 (131386) - 新竹市東區建中一路52號1樓', N'0990707808', NULL, NULL, NULL, CAST(N'2026-01-15T09:16:00.0000000' AS DateTime2), CAST(N'2026-01-16T10:00:00.0000000' AS DateTime2), NULL, NULL, N'超商取貨', CAST(0.00 AS Numeric(38, 2)), CAST(450.00 AS Numeric(38, 2)), NULL, NULL)
INSERT [dbo].[orders] ([order_id], [user_id], [total_amount], [payment_method], [payment_status], [order_status], [recipient_at], [address], [phone], [shipped_at], [delivered_at], [received_at], [created_at], [updated_at], [paid_at], [completed_at], [DELIVERY_METHOD], [SHIPPING_FEE], [FINAL_AMOUNT], [COUPON_ID], [DISCOUNT]) VALUES (1082, 8, CAST(450.00 AS Numeric(38, 2)), N'信用卡', N'已付款', N'已完成', N'鄭宜靜', N'建盛門市 (131386) - 新竹市東區建中一路52號1樓', N'0918682711', CAST(N'2026-01-17T11:00:00.0000000' AS DateTime2), CAST(N'2026-01-19T14:00:00.0000000' AS DateTime2), CAST(N'2026-01-19T18:00:00.0000000' AS DateTime2), CAST(N'2026-01-15T09:29:00.0000000' AS DateTime2), CAST(N'2026-01-19T18:15:00.0000000' AS DateTime2), CAST(N'2026-01-15T09:45:00.0000000' AS DateTime2), CAST(N'2026-01-19T18:00:00.0000000' AS DateTime2), N'超商取貨', CAST(0.00 AS Numeric(38, 2)), CAST(350.00 AS Numeric(38, 2)), 5, CAST(100.00 AS Numeric(38, 2)))
INSERT [dbo].[orders] ([order_id], [user_id], [total_amount], [payment_method], [payment_status], [order_status], [recipient_at], [address], [phone], [shipped_at], [delivered_at], [received_at], [created_at], [updated_at], [paid_at], [completed_at], [DELIVERY_METHOD], [SHIPPING_FEE], [FINAL_AMOUNT], [COUPON_ID], [DISCOUNT]) VALUES (1083, 3, CAST(450.00 AS Numeric(38, 2)), N'貨到付款', N'已付款', N'已完成', N'許志明', N'建盛門市 (131386) - 新竹市東區建中一路52號1樓', N'0918682711', CAST(N'2026-01-17T09:00:00.0000000' AS DateTime2), CAST(N'2026-01-19T08:00:00.0000000' AS DateTime2), CAST(N'2026-01-19T10:00:00.0000000' AS DateTime2), CAST(N'2026-01-16T10:16:00.0000000' AS DateTime2), CAST(N'2026-01-19T10:10:00.0000000' AS DateTime2), CAST(N'2026-01-19T10:00:00.0000000' AS DateTime2), CAST(N'2026-01-19T10:00:00.0000000' AS DateTime2), N'超商取貨', CAST(0.00 AS Numeric(38, 2)), CAST(450.00 AS Numeric(38, 2)), NULL, NULL)
INSERT [dbo].[orders] ([order_id], [user_id], [total_amount], [payment_method], [payment_status], [order_status], [recipient_at], [address], [phone], [shipped_at], [delivered_at], [received_at], [created_at], [updated_at], [paid_at], [completed_at], [DELIVERY_METHOD], [SHIPPING_FEE], [FINAL_AMOUNT], [COUPON_ID], [DISCOUNT]) VALUES (1084, 2, CAST(1681.00 AS Numeric(38, 2)), N'信用卡', N'已付款', N'已完成', N'周小敏', N'台醫店 (006598) - 台北市中正區中山南路７號１樓', N'0939554778', CAST(N'2026-01-18T14:00:00.0000000' AS DateTime2), CAST(N'2026-01-20T10:00:00.0000000' AS DateTime2), CAST(N'2026-01-20T12:00:00.0000000' AS DateTime2), CAST(N'2026-01-16T10:39:00.0000000' AS DateTime2), CAST(N'2026-01-20T12:10:00.0000000' AS DateTime2), CAST(N'2026-01-16T11:00:00.0000000' AS DateTime2), CAST(N'2026-01-20T12:00:00.0000000' AS DateTime2), N'超商取貨', CAST(0.00 AS Numeric(38, 2)), CAST(1681.00 AS Numeric(38, 2)), NULL, NULL)
INSERT [dbo].[orders] ([order_id], [user_id], [total_amount], [payment_method], [payment_status], [order_status], [recipient_at], [address], [phone], [shipped_at], [delivered_at], [received_at], [created_at], [updated_at], [paid_at], [completed_at], [DELIVERY_METHOD], [SHIPPING_FEE], [FINAL_AMOUNT], [COUPON_ID], [DISCOUNT]) VALUES (1085, 5, CAST(1681.00 AS Numeric(38, 2)), N'貨到付款', N'已付款', N'已取消', N'王黑名', N'建盛門市 (131386) - 新竹市東區建中一路52號1樓', N'0918682711', CAST(N'2026-01-19T10:00:00.0000000' AS DateTime2), CAST(N'2026-01-21T09:00:00.0000000' AS DateTime2), CAST(N'2026-01-21T11:00:00.0000000' AS DateTime2), CAST(N'2026-01-18T11:10:00.0000000' AS DateTime2), CAST(N'2026-01-21T11:15:00.0000000' AS DateTime2), CAST(N'2026-01-21T11:00:00.0000000' AS DateTime2), CAST(N'2026-01-21T11:00:00.0000000' AS DateTime2), N'超商取貨', CAST(0.00 AS Numeric(38, 2)), CAST(1581.00 AS Numeric(38, 2)), 2, CAST(100.00 AS Numeric(38, 2)))
INSERT [dbo].[orders] ([order_id], [user_id], [total_amount], [payment_method], [payment_status], [order_status], [recipient_at], [address], [phone], [shipped_at], [delivered_at], [received_at], [created_at], [updated_at], [paid_at], [completed_at], [DELIVERY_METHOD], [SHIPPING_FEE], [FINAL_AMOUNT], [COUPON_ID], [DISCOUNT]) VALUES (1086, 3, CAST(450.00 AS Numeric(38, 2)), N'貨到付款', N'已付款', N'已完成', N'林佳儀', N'建盛門市 (131386) - 新竹市東區建中一路52號1樓', N'0990707808', CAST(N'2026-01-21T11:00:00.0000000' AS DateTime2), CAST(N'2026-01-23T10:00:00.0000000' AS DateTime2), CAST(N'2026-01-23T12:00:00.0000000' AS DateTime2), CAST(N'2026-01-20T11:29:00.0000000' AS DateTime2), CAST(N'2026-01-23T12:15:00.0000000' AS DateTime2), CAST(N'2026-01-23T12:00:00.0000000' AS DateTime2), CAST(N'2026-01-23T12:00:00.0000000' AS DateTime2), N'超商取貨', CAST(0.00 AS Numeric(38, 2)), CAST(450.00 AS Numeric(38, 2)), NULL, NULL)
INSERT [dbo].[orders] ([order_id], [user_id], [total_amount], [payment_method], [payment_status], [order_status], [recipient_at], [address], [phone], [shipped_at], [delivered_at], [received_at], [created_at], [updated_at], [paid_at], [completed_at], [DELIVERY_METHOD], [SHIPPING_FEE], [FINAL_AMOUNT], [COUPON_ID], [DISCOUNT]) VALUES (1087, 5, CAST(450.00 AS Numeric(38, 2)), N'信用卡', N'已付款', N'已完成', N'李國豪', N'建盛門市 (131386) - 新竹市東區建中一路52號1樓', N'0939554778', CAST(N'2026-01-23T15:00:00.0000000' AS DateTime2), CAST(N'2026-01-25T11:00:00.0000000' AS DateTime2), CAST(N'2026-01-25T16:00:00.0000000' AS DateTime2), CAST(N'2026-01-21T11:34:00.0000000' AS DateTime2), CAST(N'2026-01-25T16:15:00.0000000' AS DateTime2), CAST(N'2026-01-21T11:50:00.0000000' AS DateTime2), CAST(N'2026-01-25T16:00:00.0000000' AS DateTime2), N'超商取貨', CAST(0.00 AS Numeric(38, 2)), CAST(450.00 AS Numeric(38, 2)), NULL, NULL)
INSERT [dbo].[orders] ([order_id], [user_id], [total_amount], [payment_method], [payment_status], [order_status], [recipient_at], [address], [phone], [shipped_at], [delivered_at], [received_at], [created_at], [updated_at], [paid_at], [completed_at], [DELIVERY_METHOD], [SHIPPING_FEE], [FINAL_AMOUNT], [COUPON_ID], [DISCOUNT]) VALUES (1088, 4, CAST(450.00 AS Numeric(38, 2)), N'信用卡', N'已付款', N'已到貨', N'王黑名', N'台醫店 (006598) - 台北市中正區中山南路７號１樓', N'0918682711', CAST(N'2026-01-24T13:00:00.0000000' AS DateTime2), CAST(N'2026-01-26T11:00:00.0000000' AS DateTime2), CAST(N'2026-01-26T11:50:00.0000000' AS DateTime2), CAST(N'2026-01-22T11:38:00.0000000' AS DateTime2), CAST(N'2026-01-26T12:00:00.0000000' AS DateTime2), CAST(N'2026-01-26T11:50:00.0000000' AS DateTime2), CAST(N'2026-01-26T11:50:00.0000000' AS DateTime2), N'超商取貨', CAST(0.00 AS Numeric(38, 2)), CAST(450.00 AS Numeric(38, 2)), NULL, NULL)
INSERT [dbo].[orders] ([order_id], [user_id], [total_amount], [payment_method], [payment_status], [order_status], [recipient_at], [address], [phone], [shipped_at], [delivered_at], [received_at], [created_at], [updated_at], [paid_at], [completed_at], [DELIVERY_METHOD], [SHIPPING_FEE], [FINAL_AMOUNT], [COUPON_ID], [DISCOUNT]) VALUES (1089, 10, CAST(450.00 AS Numeric(38, 2)), N'信用卡', N'已付款', N'已到貨', N'李國豪', N'建盛門市 (131386) - 新竹市東區建中一路52號1樓', N'0978459825', CAST(N'2026-01-25T14:00:00.0000000' AS DateTime2), CAST(N'2026-01-27T12:00:00.0000000' AS DateTime2), CAST(N'2026-01-27T15:00:00.0000000' AS DateTime2), CAST(N'2026-01-23T11:42:00.0000000' AS DateTime2), CAST(N'2026-01-27T15:15:00.0000000' AS DateTime2), CAST(N'2026-01-23T12:00:00.0000000' AS DateTime2), CAST(N'2026-01-27T15:00:00.0000000' AS DateTime2), N'超商取貨', CAST(0.00 AS Numeric(38, 2)), CAST(450.00 AS Numeric(38, 2)), NULL, NULL)
INSERT [dbo].[orders] ([order_id], [user_id], [total_amount], [payment_method], [payment_status], [order_status], [recipient_at], [address], [phone], [shipped_at], [delivered_at], [received_at], [created_at], [updated_at], [paid_at], [completed_at], [DELIVERY_METHOD], [SHIPPING_FEE], [FINAL_AMOUNT], [COUPON_ID], [DISCOUNT]) VALUES (1090, 2, CAST(320.00 AS Numeric(38, 2)), N'貨到付款', N'已付款', N'已完成', N'張雅雯', N'北市杭州店 (2001) - 台北市大安區杭州南路二段５號', N'0990707808', CAST(N'2026-01-24T15:00:00.0000000' AS DateTime2), CAST(N'2026-01-26T11:00:00.0000000' AS DateTime2), CAST(N'2026-01-26T13:00:00.0000000' AS DateTime2), CAST(N'2026-01-23T11:52:00.0000000' AS DateTime2), CAST(N'2026-01-26T13:15:00.0000000' AS DateTime2), CAST(N'2026-01-26T13:00:00.0000000' AS DateTime2), CAST(N'2026-01-26T13:00:00.0000000' AS DateTime2), N'超商取貨', CAST(50.00 AS Numeric(38, 2)), CAST(370.00 AS Numeric(38, 2)), NULL, NULL)
INSERT [dbo].[orders] ([order_id], [user_id], [total_amount], [payment_method], [payment_status], [order_status], [recipient_at], [address], [phone], [shipped_at], [delivered_at], [received_at], [created_at], [updated_at], [paid_at], [completed_at], [DELIVERY_METHOD], [SHIPPING_FEE], [FINAL_AMOUNT], [COUPON_ID], [DISCOUNT]) VALUES (1091, 5, CAST(320.00 AS Numeric(38, 2)), N'貨到付款', N'已付款', N'已完成', N'趙後勤', N'建盛門市 (131386) - 新竹市東區建中一路52號1樓', N'0918682711', CAST(N'2026-01-25T09:00:00.0000000' AS DateTime2), CAST(N'2026-01-27T10:00:00.0000000' AS DateTime2), CAST(N'2026-01-27T14:00:00.0000000' AS DateTime2), CAST(N'2026-01-24T13:46:00.0000000' AS DateTime2), CAST(N'2026-01-27T14:15:00.0000000' AS DateTime2), CAST(N'2026-01-27T14:00:00.0000000' AS DateTime2), CAST(N'2026-01-27T14:00:00.0000000' AS DateTime2), N'超商取貨', CAST(50.00 AS Numeric(38, 2)), CAST(370.00 AS Numeric(38, 2)), NULL, NULL)
INSERT [dbo].[orders] ([order_id], [user_id], [total_amount], [payment_method], [payment_status], [order_status], [recipient_at], [address], [phone], [shipped_at], [delivered_at], [received_at], [created_at], [updated_at], [paid_at], [completed_at], [DELIVERY_METHOD], [SHIPPING_FEE], [FINAL_AMOUNT], [COUPON_ID], [DISCOUNT]) VALUES (1092, 8, CAST(320.00 AS Numeric(38, 2)), N'信用卡', N'已付款', N'已到貨', N'林佳儀', N'建盛門市 (131386) - 新竹市東區建中一路52號1樓', N'0918682711', CAST(N'2026-01-26T10:00:00.0000000' AS DateTime2), CAST(N'2026-01-28T09:00:00.0000000' AS DateTime2), CAST(N'2026-01-28T10:00:00.0000000' AS DateTime2), CAST(N'2026-01-24T13:58:00.0000000' AS DateTime2), CAST(N'2026-01-28T10:15:00.0000000' AS DateTime2), CAST(N'2026-01-24T14:15:00.0000000' AS DateTime2), CAST(N'2026-01-28T10:00:00.0000000' AS DateTime2), N'超商取貨', CAST(50.00 AS Numeric(38, 2)), CAST(370.00 AS Numeric(38, 2)), NULL, NULL)
INSERT [dbo].[orders] ([order_id], [user_id], [total_amount], [payment_method], [payment_status], [order_status], [recipient_at], [address], [phone], [shipped_at], [delivered_at], [received_at], [created_at], [updated_at], [paid_at], [completed_at], [DELIVERY_METHOD], [SHIPPING_FEE], [FINAL_AMOUNT], [COUPON_ID], [DISCOUNT]) VALUES (1093, 5, CAST(320.00 AS Numeric(38, 2)), N'信用卡', N'已付款', N'已到貨', N'李國豪', N'台醫店 (006598) - 台北市中正區中山南路７號１樓', N'0990707808', CAST(N'2026-01-26T11:00:00.0000000' AS DateTime2), CAST(N'2026-01-28T10:00:00.0000000' AS DateTime2), CAST(N'2026-01-28T11:00:00.0000000' AS DateTime2), CAST(N'2026-01-24T14:00:00.0000000' AS DateTime2), CAST(N'2026-01-28T11:15:00.0000000' AS DateTime2), CAST(N'2026-01-24T14:20:00.0000000' AS DateTime2), CAST(N'2026-01-28T11:00:00.0000000' AS DateTime2), N'超商取貨', CAST(50.00 AS Numeric(38, 2)), CAST(370.00 AS Numeric(38, 2)), NULL, NULL)
INSERT [dbo].[orders] ([order_id], [user_id], [total_amount], [payment_method], [payment_status], [order_status], [recipient_at], [address], [phone], [shipped_at], [delivered_at], [received_at], [created_at], [updated_at], [paid_at], [completed_at], [DELIVERY_METHOD], [SHIPPING_FEE], [FINAL_AMOUNT], [COUPON_ID], [DISCOUNT]) VALUES (1094, 10, CAST(1270.00 AS Numeric(38, 2)), N'信用卡', N'已付款', N'已出貨', N'趙後勤', N'建盛門市 (131386) - 新竹市東區建中一路52號1樓', N'0978459825', CAST(N'2026-01-27T10:00:00.0000000' AS DateTime2), CAST(N'2026-01-29T09:00:00.0000000' AS DateTime2), CAST(N'2026-01-29T11:00:00.0000000' AS DateTime2), CAST(N'2026-01-25T09:18:00.0000000' AS DateTime2), CAST(N'2026-01-29T11:15:00.0000000' AS DateTime2), CAST(N'2026-01-25T09:40:00.0000000' AS DateTime2), CAST(N'2026-01-29T11:00:00.0000000' AS DateTime2), N'超商取貨', CAST(0.00 AS Numeric(38, 2)), CAST(1270.00 AS Numeric(38, 2)), NULL, NULL)
INSERT [dbo].[orders] ([order_id], [user_id], [total_amount], [payment_method], [payment_status], [order_status], [recipient_at], [address], [phone], [shipped_at], [delivered_at], [received_at], [created_at], [updated_at], [paid_at], [completed_at], [DELIVERY_METHOD], [SHIPPING_FEE], [FINAL_AMOUNT], [COUPON_ID], [DISCOUNT]) VALUES (1095, 2, CAST(950.00 AS Numeric(38, 2)), N'貨到付款', N'已付款', N'已完成', N'林佳儀', N'北市杭州店 (2001) - 台北市大安區杭州南路二段５號', N'0978031237', CAST(N'2026-01-27T09:00:00.0000000' AS DateTime2), CAST(N'2026-01-29T08:00:00.0000000' AS DateTime2), CAST(N'2026-01-29T10:00:00.0000000' AS DateTime2), CAST(N'2026-01-26T10:47:00.0000000' AS DateTime2), CAST(N'2026-01-29T10:15:00.0000000' AS DateTime2), CAST(N'2026-01-29T10:00:00.0000000' AS DateTime2), CAST(N'2026-01-29T10:00:00.0000000' AS DateTime2), N'超商取貨', CAST(0.00 AS Numeric(38, 2)), CAST(950.00 AS Numeric(38, 2)), NULL, NULL)
INSERT [dbo].[orders] ([order_id], [user_id], [total_amount], [payment_method], [payment_status], [order_status], [recipient_at], [address], [phone], [shipped_at], [delivered_at], [received_at], [created_at], [updated_at], [paid_at], [completed_at], [DELIVERY_METHOD], [SHIPPING_FEE], [FINAL_AMOUNT], [COUPON_ID], [DISCOUNT]) VALUES (1096, 6, CAST(950.00 AS Numeric(38, 2)), N'信用卡', N'已付款', N'已出貨', N'鄭宜靜', N'建盛門市 (131386) - 新竹市東區建中一路52號1樓', N'0978459825', CAST(N'2026-01-29T11:00:00.0000000' AS DateTime2), NULL, NULL, CAST(N'2026-01-27T11:01:00.0000000' AS DateTime2), CAST(N'2026-01-29T11:15:00.0000000' AS DateTime2), CAST(N'2026-01-27T11:20:00.0000000' AS DateTime2), NULL, N'超商取貨', CAST(0.00 AS Numeric(38, 2)), CAST(950.00 AS Numeric(38, 2)), NULL, NULL)
INSERT [dbo].[orders] ([order_id], [user_id], [total_amount], [payment_method], [payment_status], [order_status], [recipient_at], [address], [phone], [shipped_at], [delivered_at], [received_at], [created_at], [updated_at], [paid_at], [completed_at], [DELIVERY_METHOD], [SHIPPING_FEE], [FINAL_AMOUNT], [COUPON_ID], [DISCOUNT]) VALUES (1097, 5, CAST(320.00 AS Numeric(38, 2)), N'貨到付款', N'已付款', N'已完成', N'李國豪', N'台醫店 (006598) - 台北市中正區中山南路７號１樓', N'0990707808', CAST(N'2026-01-28T11:00:00.0000000' AS DateTime2), CAST(N'2026-01-30T10:00:00.0000000' AS DateTime2), CAST(N'2026-01-30T11:00:00.0000000' AS DateTime2), CAST(N'2026-01-27T11:09:00.0000000' AS DateTime2), CAST(N'2026-01-30T11:15:00.0000000' AS DateTime2), CAST(N'2026-01-30T11:00:00.0000000' AS DateTime2), CAST(N'2026-01-30T11:00:00.0000000' AS DateTime2), N'超商取貨', CAST(50.00 AS Numeric(38, 2)), CAST(370.00 AS Numeric(38, 2)), NULL, NULL)
INSERT [dbo].[orders] ([order_id], [user_id], [total_amount], [payment_method], [payment_status], [order_status], [recipient_at], [address], [phone], [shipped_at], [delivered_at], [received_at], [created_at], [updated_at], [paid_at], [completed_at], [DELIVERY_METHOD], [SHIPPING_FEE], [FINAL_AMOUNT], [COUPON_ID], [DISCOUNT]) VALUES (1098, 4, CAST(950.00 AS Numeric(38, 2)), N'信用卡', N'已付款', N'已出貨', N'張雅雯', N'建盛門市 (131386) - 新竹市東區建中一路52號1樓', N'0987425364', CAST(N'2026-01-29T14:00:00.0000000' AS DateTime2), NULL, NULL, CAST(N'2026-01-27T11:14:27.0930000' AS DateTime2), CAST(N'2026-01-29T14:10:00.0000000' AS DateTime2), CAST(N'2026-01-27T11:30:00.0000000' AS DateTime2), NULL, N'超商取貨', CAST(0.00 AS Numeric(38, 2)), CAST(950.00 AS Numeric(38, 2)), NULL, NULL)
INSERT [dbo].[orders] ([order_id], [user_id], [total_amount], [payment_method], [payment_status], [order_status], [recipient_at], [address], [phone], [shipped_at], [delivered_at], [received_at], [created_at], [updated_at], [paid_at], [completed_at], [DELIVERY_METHOD], [SHIPPING_FEE], [FINAL_AMOUNT], [COUPON_ID], [DISCOUNT]) VALUES (1099, 1, CAST(950.00 AS Numeric(38, 2)), N'貨到付款', N'未付款', N'待出貨', N'陳總管理', N'建盛門市 (131386) - 新竹市東區建中一路52號1樓', N'0990707808', NULL, NULL, NULL, CAST(N'2026-01-27T11:22:00.0000000' AS DateTime2), CAST(N'2026-01-30T12:15:00.0000000' AS DateTime2), NULL, NULL, N'超商取貨', CAST(0.00 AS Numeric(38, 2)), CAST(950.00 AS Numeric(38, 2)), NULL, NULL)
INSERT [dbo].[orders] ([order_id], [user_id], [total_amount], [payment_method], [payment_status], [order_status], [recipient_at], [address], [phone], [shipped_at], [delivered_at], [received_at], [created_at], [updated_at], [paid_at], [completed_at], [DELIVERY_METHOD], [SHIPPING_FEE], [FINAL_AMOUNT], [COUPON_ID], [DISCOUNT]) VALUES (1100, 2, CAST(1231.00 AS Numeric(38, 2)), N'信用卡', N'已付款', N'待出貨', N'林佳儀', N'台醫店 (006598) - 台北市中正區中山南路７號１樓', N'0971554238', NULL, NULL, NULL, CAST(N'2026-01-28T11:31:00.0000000' AS DateTime2), CAST(N'2026-01-29T12:01:00.0000000' AS DateTime2), CAST(N'2026-01-28T11:45:00.0000000' AS DateTime2), NULL, N'超商取貨', CAST(0.00 AS Numeric(38, 2)), CAST(1231.00 AS Numeric(38, 2)), NULL, NULL)
INSERT [dbo].[orders] ([order_id], [user_id], [total_amount], [payment_method], [payment_status], [order_status], [recipient_at], [address], [phone], [shipped_at], [delivered_at], [received_at], [created_at], [updated_at], [paid_at], [completed_at], [DELIVERY_METHOD], [SHIPPING_FEE], [FINAL_AMOUNT], [COUPON_ID], [DISCOUNT]) VALUES (1103, 5, CAST(640.00 AS Numeric(38, 2)), N'信用卡', N'已付款', N'已取消', N'李國豪', N'建盛門市 (131386) - 新竹市東區建中一路52號1樓', N'0990707808', NULL, NULL, NULL, CAST(N'2026-01-28T15:56:00.0000000' AS DateTime2), CAST(N'2026-01-29T10:46:00.0000000' AS DateTime2), CAST(N'2026-01-28T16:10:00.0000000' AS DateTime2), NULL, N'超商取貨', CAST(0.00 AS Numeric(38, 2)), CAST(640.00 AS Numeric(38, 2)), 1, CAST(10.00 AS Numeric(38, 2)))
INSERT [dbo].[orders] ([order_id], [user_id], [total_amount], [payment_method], [payment_status], [order_status], [recipient_at], [address], [phone], [shipped_at], [delivered_at], [received_at], [created_at], [updated_at], [paid_at], [completed_at], [DELIVERY_METHOD], [SHIPPING_FEE], [FINAL_AMOUNT], [COUPON_ID], [DISCOUNT]) VALUES (1104, 8, CAST(4500.00 AS Numeric(38, 2)), N'信用卡', N'已付款', N'已取消', N'周小敏', N'建盛門市 (131386) - 新竹市東區建中一路52號1樓', N'0978459825', NULL, NULL, NULL, CAST(N'2026-01-29T13:39:00.0000000' AS DateTime2), CAST(N'2026-01-29T13:55:00.0000000' AS DateTime2), CAST(N'2026-01-29T13:50:00.0000000' AS DateTime2), NULL, N'超商取貨', CAST(0.00 AS Numeric(38, 2)), CAST(4500.00 AS Numeric(38, 2)), NULL, NULL)
INSERT [dbo].[orders] ([order_id], [user_id], [total_amount], [payment_method], [payment_status], [order_status], [recipient_at], [address], [phone], [shipped_at], [delivered_at], [received_at], [created_at], [updated_at], [paid_at], [completed_at], [DELIVERY_METHOD], [SHIPPING_FEE], [FINAL_AMOUNT], [COUPON_ID], [DISCOUNT]) VALUES (1105, 4, CAST(400.00 AS Numeric(38, 2)), N'信用卡', N'已付款', N'待出貨', N'張雅雯', N'北市杭州店 (2001) - 台北市大安區杭州南路二段５號', N'0971554238', NULL, NULL, NULL, CAST(N'2026-01-29T15:21:00.0000000' AS DateTime2), CAST(N'2026-01-29T15:40:00.0000000' AS DateTime2), CAST(N'2026-01-29T15:35:00.0000000' AS DateTime2), NULL, N'超商取貨', CAST(0.00 AS Numeric(38, 2)), CAST(400.00 AS Numeric(38, 2)), NULL, NULL)
INSERT [dbo].[orders] ([order_id], [user_id], [total_amount], [payment_method], [payment_status], [order_status], [recipient_at], [address], [phone], [shipped_at], [delivered_at], [received_at], [created_at], [paid_at], [completed_at], [updated_at], [DELIVERY_METHOD], [FINAL_AMOUNT], [SHIPPING_FEE], [COUPON_ID], [DISCOUNT]) VALUES (1107, 1, CAST(5040.00 AS Numeric(38, 2)), N'信用卡', N'已付款', N'待出貨', N'林木森', N'建盛門市 (131386) - 新竹市東區建中一路52號1樓', N'0987452145', NULL, NULL, NULL, CAST(N'2026-02-23T11:20:47.0630000' AS DateTime2), CAST(N'2026-02-23T11:21:29.7180000' AS DateTime2), NULL, CAST(N'2026-02-23T11:21:29.7180000' AS DateTime2), N'超商取貨', CAST(5040.00 AS Numeric(38, 2)), CAST(0.00 AS Numeric(38, 2)), NULL, NULL)
INSERT [dbo].[orders] ([order_id], [user_id], [total_amount], [payment_method], [payment_status], [order_status], [recipient_at], [address], [phone], [shipped_at], [delivered_at], [received_at], [created_at], [paid_at], [completed_at], [updated_at], [DELIVERY_METHOD], [FINAL_AMOUNT], [SHIPPING_FEE], [COUPON_ID], [DISCOUNT]) VALUES (1108, 1, CAST(11040.00 AS Numeric(38, 2)), N'貨到付款', N'未付款', N'待出貨', N'林木森', N'台醫店 (006598) - 台北市中正區中山南路７號１樓', N'0987452145', NULL, NULL, NULL, CAST(N'2026-02-23T11:22:52.8060000' AS DateTime2), NULL, NULL, CAST(N'2026-02-23T11:22:52.8060000' AS DateTime2), N'超商取貨', CAST(11040.00 AS Numeric(38, 2)), CAST(0.00 AS Numeric(38, 2)), NULL, NULL)
INSERT [dbo].[orders] ([order_id], [user_id], [total_amount], [payment_method], [payment_status], [order_status], [recipient_at], [address], [phone], [shipped_at], [delivered_at], [received_at], [created_at], [paid_at], [completed_at], [updated_at], [DELIVERY_METHOD], [FINAL_AMOUNT], [SHIPPING_FEE], [COUPON_ID], [DISCOUNT]) VALUES (1109, 2, CAST(7560.00 AS Numeric(38, 2)), N'貨到付款', N'未付款', N'待出貨', N'艾力克斯', N'北市杭州店 (2001) - 台北市大安區杭州南路二段５號', N'0962050445', NULL, NULL, NULL, CAST(N'2026-02-23T11:23:44.3120000' AS DateTime2), NULL, NULL, CAST(N'2026-02-23T11:23:44.3120000' AS DateTime2), N'超商取貨', CAST(7560.00 AS Numeric(38, 2)), CAST(0.00 AS Numeric(38, 2)), NULL, NULL)
INSERT [dbo].[orders] ([order_id], [user_id], [total_amount], [payment_method], [payment_status], [order_status], [recipient_at], [address], [phone], [shipped_at], [delivered_at], [received_at], [created_at], [paid_at], [completed_at], [updated_at], [DELIVERY_METHOD], [FINAL_AMOUNT], [SHIPPING_FEE], [COUPON_ID], [DISCOUNT]) VALUES (1110, 2, CAST(450.00 AS Numeric(38, 2)), N'信用卡', N'已付款', N'待出貨', N'艾力克斯', N'桃園市楊梅區', N'0962050445', NULL, NULL, NULL, CAST(N'2026-02-23T11:25:43.1500000' AS DateTime2), CAST(N'2026-02-23T11:26:16.1120000' AS DateTime2), NULL, CAST(N'2026-02-23T11:26:16.1120000' AS DateTime2), N'宅配到府', CAST(500.00 AS Numeric(38, 2)), CAST(50.00 AS Numeric(38, 2)), NULL, NULL)
SET IDENTITY_INSERT [dbo].[orders] OFF
GO